Symbol,Date,High,Low,Open,Close,Volume,Adj Close
USDC,2019-01-01,1.02223002910614,1.0086770057678225,1.0189460515975952,1.0133010149002075,17007853,1.0133010149002075
USDC,2019-01-02,1.0202640295028689,1.009168028831482,1.0142619609832764,1.0181729793548584,18125812,1.0181729793548584
USDC,2019-01-03,1.022562026977539,1.0099539756774902,1.014457941055298,1.0135769844055176,15279811,1.0135769844055176
USDC,2019-01-04,1.0176349878311155,1.0010579824447632,1.0152469873428345,1.0081599950790403,17203036,1.0081599950790403
USDC,2019-01-05,1.016118049621582,1.0024529695510864,1.006732940673828,1.0110100507736206,15428171,1.0110100507736206
USDC,2019-01-06,1.0152889490127563,0.9891690015792848,1.0107500553131104,1.0101079940795898,18503989,1.0101079940795898
USDC,2019-01-07,1.012168049812317,1.0016289949417114,1.0095089673995972,1.0053579807281494,18697630,1.0053579807281494
USDC,2019-01-08,1.0166269540786743,1.0040160417556765,1.0060540437698364,1.0079180002212524,23189996,1.0079180002212524
USDC,2019-01-09,1.011260986328125,1.0007630586624146,1.0066139698028564,1.0022640228271484,23000567,1.0022640228271484
USDC,2019-01-10,1.0347930192947388,1.0019500255584717,1.0028419494628906,1.01310396194458,51534670,1.01310396194458
USDC,2019-01-11,1.0170069932937622,1.0077049732208252,1.016942024230957,1.014734983444214,25279715,1.014734983444214
USDC,2019-01-12,1.0174939632415771,1.007727026939392,1.0147809982299805,1.0106910467147827,12617410,1.0106910467147827
USDC,2019-01-13,1.0262680053710938,1.008317947387695,1.0109349489212036,1.0111089944839478,16808894,1.0111089944839478
USDC,2019-01-14,1.0166349411010742,0.998744010925293,1.0110119581222534,1.007591962814331,25825886,1.007591962814331
USDC,2019-01-15,1.0179569721221924,1.0065100193023682,1.007457971572876,1.0120689868927002,26459207,1.0120689868927002
USDC,2019-01-16,1.0177290439605713,1.0079829692840576,1.0132399797439575,1.0123629570007324,25957206,1.0123629570007324
USDC,2019-01-17,1.0448919534683228,1.0095700025558472,1.010017991065979,1.0303529500961304,41708422,1.0303529500961304
USDC,2019-01-18,1.0354520082473757,1.0098299980163574,1.029060959815979,1.0131150484085083,18899249,1.0131150484085083
USDC,2019-01-19,1.0147759914398191,1.0026099681854248,1.0098769664764404,1.01141095161438,15830400,1.01141095161438
USDC,2019-01-20,1.0286190509796145,1.0104750394821167,1.0122870206832886,1.0166690349578855,14934092,1.0166690349578855
USDC,2019-01-21,1.022765040397644,1.0066859722137451,1.0154449939727783,1.0125470161437988,12277261,1.0125470161437988
USDC,2019-01-22,1.0166889429092407,1.0064820051193235,1.0130079984664917,1.0085409879684448,18848807,1.0085409879684448
USDC,2019-01-23,1.0133860111236572,1.006289005279541,1.0087169408798218,1.008734941482544,14686835,1.008734941482544
USDC,2019-01-24,1.0130399465560913,1.0066490173339844,1.0092519521713257,1.0102709531784058,19309437,1.0102709531784058
USDC,2019-01-25,1.0135929584503174,1.00894296169281,1.0109690427780151,1.0120500326156616,16078526,1.0120500326156616
USDC,2019-01-26,1.0153299570083618,1.006314992904663,1.0119750499725342,1.0124759674072266,12311593,1.0124759674072266
USDC,2019-01-27,1.0193259716033936,1.0116100311279297,1.0137159824371338,1.013942003250122,17334193,1.013942003250122
USDC,2019-01-28,1.0191199779510498,1.0109570026397705,1.0146559476852417,1.0118019580841064,34421448,1.0118019580841064
USDC,2019-01-29,1.017393946647644,1.0100760459899902,1.0117939710617063,1.014050006866455,26620698,1.014050006866455
USDC,2019-01-30,1.0165120363235474,1.0098799467086792,1.013843059539795,1.013232946395874,28233801,1.013232946395874
USDC,2019-01-31,1.0157690048217771,1.0007580518722534,1.0131620168685913,1.0124850273132324,30016994,1.0124850273132324
USDC,2019-02-01,1.031891942024231,1.0078200101852417,1.0117650032043457,1.0158439874649048,26896947,1.0158439874649048
USDC,2019-02-02,1.0183639526367188,1.0110249519348145,1.014754056930542,1.018337965011597,23207115,1.018337965011597
USDC,2019-02-03,1.0168999433517456,1.0066410303115845,1.015589952468872,1.0142439603805542,26365349,1.0142439603805542
USDC,2019-02-04,1.016734957695007,1.0092849731445312,1.013759970664978,1.0114250183105469,24242526,1.0114250183105469
USDC,2019-02-05,1.014165997505188,1.0058000087738037,1.0115679502487185,1.0087289810180664,19011789,1.0087289810180664
USDC,2019-02-06,1.017233967781067,1.007526993751526,1.0088770389556885,1.0130510330200195,27032564,1.0130510330200195
USDC,2019-02-07,1.024724006652832,1.008752942085266,1.0136489868164062,1.0110479593276978,15429983,1.0110479593276978
USDC,2019-02-08,1.0243350267410278,1.0082190036773682,1.0113919973373413,1.0173120498657229,31291520,1.0173120498657229
USDC,2019-02-09,1.0186229944229126,1.0082420110702517,1.017204999923706,1.011700987815857,21523062,1.011700987815857
USDC,2019-02-10,1.020550012588501,1.0102410316467283,1.0119489431381226,1.0143890380859375,19451268,1.0143890380859375
USDC,2019-02-11,1.0196360349655151,1.0117230415344238,1.0157010555267334,1.013288974761963,19063318,1.013288974761963
USDC,2019-02-12,1.0195930004119873,1.0113790035247805,1.012431025505066,1.017773985862732,28682063,1.017773985862732
USDC,2019-02-13,1.019184947013855,1.0088239908218384,1.0184119939804075,1.011628031730652,27483515,1.011628031730652
USDC,2019-02-14,1.015570044517517,1.0090539455413818,1.010975956916809,1.011428952217102,27582140,1.011428952217102
USDC,2019-02-15,1.0165460109710691,1.0034739971160889,1.0119739770889282,1.011823058128357,35775279,1.011823058128357
USDC,2019-02-16,1.0156489610671997,1.0069940090179443,1.011505961418152,1.0132390260696411,44255529,1.0132390260696411
USDC,2019-02-17,1.0265480279922483,1.0083019733428955,1.0144250392913818,1.0237890481948853,45168007,1.0237890481948853
USDC,2019-02-18,1.0309410095214844,1.0015289783477783,1.023102045059204,1.01289701461792,51464756,1.01289701461792
USDC,2019-02-19,1.0196690559387207,1.003322958946228,1.013003945350647,1.0040689706802368,49393554,1.0040689706802368
USDC,2019-02-20,1.020462989807129,0.998658001422882,1.0040500164031982,1.015740990638733,41527390,1.015740990638733
USDC,2019-02-21,1.016394019126892,1.0051300525665283,1.0152859687805176,1.012017011642456,35317064,1.012017011642456
USDC,2019-02-22,1.0194250345230105,1.0054609775543213,1.009835958480835,1.015738010406494,32159403,1.015738010406494
USDC,2019-02-23,1.0377579927444458,1.0072009563446045,1.0140659809112549,1.0121450424194336,36243964,1.0121450424194336
USDC,2019-02-24,1.0289119482040403,0.9989500045776368,1.0132390260696411,1.0071810483932495,51756152,1.0071810483932495
USDC,2019-02-25,1.022758960723877,1.004343032836914,1.004343032836914,1.0175859928131104,52796841,1.0175859928131104
USDC,2019-02-26,1.0215189456939695,1.01117205619812,1.0162299871444702,1.01117205619812,42569527,1.01117205619812
USDC,2019-02-27,1.0217570066452026,1.0082850456237793,1.0126750469207764,1.01596200466156,38328217,1.01596200466156
USDC,2019-02-28,1.0199190378189087,1.010602951049805,1.0151920318603516,1.013672947883606,31630079,1.013672947883606
USDC,2019-03-01,1.0237239599227903,1.010856032371521,1.0131169557571411,1.010856032371521,21097111,1.010856032371521
USDC,2019-03-02,1.0201170444488523,1.0080779790878296,1.01009202003479,1.0099849700927734,18482080,1.0099849700927734
USDC,2019-03-03,1.0148539543151855,1.006930947303772,1.008705973625183,1.0119750499725342,17429846,1.0119750499725342
USDC,2019-03-04,1.0174909830093384,1.0103139877319336,1.0103139877319336,1.015483021736145,23960578,1.015483021736145
USDC,2019-03-05,1.0168449878692627,1.0106120109558103,1.0157270431518557,1.0168449878692627,32016571,1.0168449878692627
USDC,2019-03-06,1.0207539796829224,1.0118509531021118,1.0175540447235107,1.013903021812439,24347412,1.013903021812439
USDC,2019-03-07,1.0177639722824097,1.011247992515564,1.013458013534546,1.0134849548339844,24225454,1.0134849548339844
USDC,2019-03-08,1.0214509963989258,1.0105819702148438,1.0144449472427368,1.014518976211548,27535813,1.014518976211548
USDC,2019-03-09,1.020488977432251,1.0112309455871582,1.0141619443893433,1.0123579502105713,24550954,1.0123579502105713
USDC,2019-03-10,1.0228430032730105,1.0104459524154663,1.0143049955368042,1.0195039510726929,21622742,1.0195039510726929
USDC,2019-03-11,1.0214829444885254,1.010478973388672,1.0205570459365845,1.0136200189590454,25473881,1.0136200189590454
USDC,2019-03-12,1.0165280103683472,1.0078539848327637,1.0132499933242798,1.012156963348389,25249458,1.012156963348389
USDC,2019-03-13,1.019184947013855,1.0108469724655151,1.0128209590911863,1.0132919549942017,32955078,1.0132919549942017
USDC,2019-03-14,1.020238995552063,1.012436032295227,1.0133739709854126,1.0170899629592896,30654411,1.0170899629592896
USDC,2019-03-15,1.0196199417114258,1.0141600370407104,1.0163060426712036,1.0152599811553955,30356979,1.0152599811553955
USDC,2019-03-16,1.0186569690704346,1.0112979412078855,1.016044020652771,1.0154279470443726,35637112,1.0154279470443726
USDC,2019-03-17,1.023566961288452,1.014361023902893,1.0150519609451294,1.01944899559021,38655614,1.01944899559021
USDC,2019-03-18,1.0220320224761963,1.0107940435409546,1.0204249620437622,1.015398025512695,41889761,1.015398025512695
USDC,2019-03-19,1.0210189819335938,1.0143539905548096,1.0155999660491943,1.016152024269104,34394867,1.016152024269104
USDC,2019-03-20,1.0177149772644043,1.0099899768829346,1.0168689489364624,1.014158010482788,43164011,1.014158010482788
USDC,2019-03-21,1.016827940940857,1.0105559825897217,1.0136439800262451,1.0140479803085327,43135935,1.0140479803085327
USDC,2019-03-22,1.0177149772644043,1.0086599588394165,1.0135999917984009,1.009016036987305,33465329,1.009016036987305
USDC,2019-03-23,1.015117049217224,1.0074620246887207,1.0091569423675537,1.012213945388794,23348602,1.012213945388794
USDC,2019-03-24,1.0127719640731812,1.003365993499756,1.0113240480422974,1.00805401802063,17336324,1.00805401802063
USDC,2019-03-25,1.0242539644241333,1.0062479972839355,1.0087460279464722,1.0128129720687866,34431703,1.0128129720687866
USDC,2019-03-26,1.0150810480117798,1.0090700387954712,1.0134049654006958,1.0125080347061155,33876854,1.0125080347061155
USDC,2019-03-27,1.0196590423583984,1.0110540390014648,1.0125139951705933,1.016144037246704,37698423,1.016144037246704
USDC,2019-03-28,1.0206010341644287,1.0063869953155518,1.0164350271224976,1.013795018196106,28392576,1.013795018196106
USDC,2019-03-29,1.0150890350341797,0.9988330006599426,1.013795018196106,1.0025290250778198,37377861,1.0025290250778198
USDC,2019-03-30,1.0491490364074707,0.9929550290107728,1.0009469985961914,1.0019899606704712,26227081,1.0019899606704712
USDC,2019-03-31,1.005910038948059,0.9941189885139464,1.0013940334320068,1.002632975578308,30912903,1.002632975578308
USDC,2019-03-31,1.0080569982528689,0.99896502494812,1.0019899606704712,1.00149405002594,24262615,1.00149405002594
USDC,2019-04-01,1.0226099491119385,0.9938300251960754,1.0023380517959597,1.0019299983978271,75355543,1.0019299983978271
USDC,2019-04-02,1.0248550176620483,0.9891499876976012,1.0019500255584717,1.0009289979934692,87987040,1.0009289979934692
USDC,2019-04-03,1.0069899559020996,0.9971759915351868,1.000980019569397,1.0023449659347534,52686902,1.0023449659347534
USDC,2019-04-04,1.009742021560669,1.0001499652862549,1.0027029514312744,1.0027990341186523,43799308,1.0027990341186523
USDC,2019-04-05,1.0118629932403564,0.9973509907722472,1.0032299757003784,1.0010019540786743,43756481,1.0010019540786743
USDC,2019-04-06,1.0132629871368408,0.9980520009994508,1.0004220008850098,1.0053590536117554,43184042,1.0053590536117554
USDC,2019-04-07,1.008036971092224,0.9936599731445312,1.005748987197876,1.002128005027771,49978405,1.002128005027771
USDC,2019-04-08,1.0040229558944702,0.9966170191764832,1.002128005027771,1.0011810064315796,40372954,1.0011810064315796
USDC,2019-04-09,1.014706015586853,0.9959669709205629,1.0009729862213137,1.0013790130615234,48590445,1.0013790130615234
USDC,2019-04-10,1.0056819915771484,0.9977790117263794,1.0016740560531616,1.0028259754180908,63695457,1.0028259754180908
USDC,2019-04-11,1.0058330297470093,0.9988840222358704,1.0025789737701416,1.0028979778289795,44545387,1.0028979778289795
USDC,2019-04-12,1.0061149597167969,1.0003050565719604,1.003026008605957,1.0040669441223145,35520365,1.0040669441223145
USDC,2019-04-13,1.0098999738693235,0.9994140267372132,1.0040669441223145,1.008025050163269,31692818,1.008025050163269
USDC,2019-04-14,1.0096770524978638,0.9956589937210084,1.008025050163269,0.9989799857139589,44283943,0.9989799857139589
USDC,2019-04-15,1.013753056526184,0.9975799918174744,0.999090015888214,1.0104080438613892,31481366,1.0104080438613892
USDC,2019-04-16,1.0144809484481812,1.0019489526748655,1.0117340087890625,1.0056840181350708,32737398,1.0056840181350708
USDC,2019-04-17,1.0076229572296145,1.000257968902588,1.0054800510406494,1.0026450157165527,41597044,1.0026450157165527
USDC,2019-04-18,1.0052390098571775,0.9973919987678528,1.0035580396652222,1.002629041671753,34134430,1.002629041671753
USDC,2019-04-19,1.005642056465149,0.9961619973182678,1.0029419660568235,1.0009690523147583,39216250,1.0009690523147583
USDC,2019-04-20,1.007246971130371,0.9944109916687012,1.0014300346374512,1.0020829439163208,46250000,1.0020829439163208
USDC,2019-04-21,1.0082069635391235,0.9969210028648376,1.0020699501037598,1.0038379430770874,46697245,1.0038379430770874
USDC,2019-04-22,1.0054010152816772,0.9946799874305724,1.0035619735717771,0.999439001083374,55954909,0.999439001083374
USDC,2019-04-23,1.004547953605652,0.9919649958610536,0.999439001083374,0.9989309906959534,56853285,0.9989309906959534
USDC,2019-04-24,1.0175269842147827,0.9960139989852904,0.9987369775772096,1.0071500539779663,82371631,1.0071500539779663
USDC,2019-04-25,1.0242619514465332,1.005208969116211,1.005208969116211,1.019394040107727,113370626,1.019394040107727
USDC,2019-04-26,1.0210360288619995,1.0116239786148071,1.0190789699554443,1.0129790306091309,48849898,1.0129790306091309
USDC,2019-04-27,1.018955945968628,1.012300968170166,1.0130079984664917,1.0155940055847168,44378359,1.0155940055847168
USDC,2019-04-28,1.0184849500656128,1.0103620290756226,1.0158909559249878,1.0152809619903564,71768244,1.0152809619903564
USDC,2019-04-29,1.0175509452819824,1.0109169483184814,1.0153089761734009,1.0153039693832395,81415438,1.0153039693832395
USDC,2019-04-30,1.0162760019302368,1.008236050605774,1.0152089595794678,1.0119030475616455,90100967,1.0119030475616455
USDC,2019-05-01,1.0185339450836182,1.011327028274536,1.0116419792175293,1.0161919593811035,83209787,1.0161919593811035
USDC,2019-05-02,1.023689031600952,1.0098199844360352,1.0162999629974363,1.017825961112976,108921203,1.017825961112976
USDC,2019-05-03,1.0225659608840942,1.0057380199432373,1.017825961112976,1.0092450380325315,117381605,1.0092450380325315
USDC,2019-05-04,1.0131850242614746,1.0032570362091064,1.0097659826278689,1.0093859434127808,79929581,1.0093859434127808
USDC,2019-05-05,1.012382984161377,1.006451964378357,1.0091700553894043,1.0081909894943235,89601155,1.0081909894943235
USDC,2019-05-06,1.016901969909668,1.002871036529541,1.0081470012664795,1.0106920003890991,100559475,1.0106920003890991
USDC,2019-05-07,1.0171010494232178,1.0051499605178833,1.0097579956054688,1.0074000358581543,99486108,1.0074000358581543
USDC,2019-05-08,1.0096369981765747,1.002185940742493,1.0072020292282104,1.0040440559387207,134758323,1.0040440559387207
USDC,2019-05-09,1.0098119974136353,1.000586986541748,1.0043330192565918,1.005607008934021,247829264,1.005607008934021
USDC,2019-05-10,1.010416030883789,0.988556981086731,1.0067180395126345,0.99685800075531,510302993,0.99685800075531
USDC,2019-05-11,1.011860966682434,0.991182029247284,0.995415985584259,0.9983530044555664,481377527,0.9983530044555664
USDC,2019-05-12,1.008020043373108,0.982582986354828,0.9983530044555664,0.9996979832649232,268233283,0.9996979832649232
USDC,2019-05-13,1.0094029903411863,0.9929350018501282,0.9988840222358704,0.9988409876823424,235041654,0.9988409876823424
USDC,2019-05-14,1.003252029418945,0.9945390224456788,0.9989050030708312,0.9981859922409058,217410064,0.9981859922409058
USDC,2019-05-15,1.0125659704208374,0.9909039735794068,0.9975169897079468,0.998786985874176,289789111,0.998786985874176
USDC,2019-05-16,1.018815040588379,0.993125021457672,0.999222993850708,0.9987289905548096,293691288,0.9987289905548096
USDC,2019-05-17,1.0067909955978394,0.9933059811592102,0.9987289905548096,0.9965419769287108,154811622,0.9965419769287108
USDC,2019-05-18,1.007532000541687,0.9899889826774596,0.9970669746398926,1.0027730464935305,184721780,1.0027730464935305
USDC,2019-05-19,1.014682054519653,0.9929190278053284,1.0027730464935305,0.9965239763259888,276118420,0.9965239763259888
USDC,2019-05-20,1.0035099983215332,0.9947190284729004,0.9973580241203308,0.9988890290260316,170890835,0.9988890290260316
USDC,2019-05-21,1.008836030960083,0.9924179911613464,0.9988890290260316,1.000087022781372,125174452,1.000087022781372
USDC,2019-05-22,1.0035799741744995,0.9950969815254213,1.0001959800720217,0.9999629855155944,129739544,0.9999629855155944
USDC,2019-05-23,1.003533959388733,0.9971699714660645,0.9997159838676452,0.9983749985694884,148518446,0.9983749985694884
USDC,2019-05-24,1.0011379718780518,0.996546983718872,0.9983749985694884,0.9980149865150452,95403891,0.9980149865150452
USDC,2019-05-25,1.0046279430389404,0.9922969937324524,0.997862994670868,0.9971129894256592,132653003,0.9971129894256592
USDC,2019-05-26,1.0171669721603394,0.9950180053710938,0.997422993183136,1.004837989807129,157886328,1.004837989807129
USDC,2019-05-27,1.0073469877243042,0.997232973575592,1.0057309865951538,1.0051790475845337,106019351,1.0051790475845337
USDC,2019-05-28,1.0066380500793457,0.997151017189026,1.0054240226745603,0.9984300136566162,115843796,0.9984300136566162
USDC,2019-05-29,1.0237250328063965,0.994786024093628,0.9984300136566162,0.9994900226593018,169319401,0.9994900226593018
USDC,2019-05-30,1.0062379837036133,0.9962610006332396,0.9994900226593018,1.0010470151901243,98020521,1.0010470151901243
USDC,2019-05-31,1.0076600313186646,0.9960200190544128,1.0006550550460815,0.9999369978904724,70583907,0.9999369978904724
USDC,2019-06-01,1.0069739818572998,0.9955009818077089,0.9999369978904724,0.9991909861564636,80548187,0.9991909861564636
USDC,2019-06-02,1.0170470476150513,0.9934179782867432,0.9991909861564636,0.9978970289230348,111821198,0.9978970289230348
USDC,2019-06-03,1.0154260396957395,0.9922530055046082,0.9990789890289308,1.0024850368499756,136428049,1.0024850368499756
USDC,2019-06-04,1.0116310119628906,0.997838020324707,1.0024850368499756,1.0036959648132324,93861385,1.0036959648132324
USDC,2019-06-05,1.0139299631118774,0.9940339922904968,1.0031139850616455,1.0037330389022827,85196344,1.0037330389022827
USDC,2019-06-06,1.0048789978027344,0.9978010058403016,1.0045249462127686,1.0016900300979614,86557460,1.0016900300979614
USDC,2019-06-07,1.0041379928588867,0.9933350086212158,1.0012069940567017,0.9941239953041076,58308368,0.9941239953041076
USDC,2019-06-08,1.003119945526123,0.9933329820632936,0.9939770102500916,1.0016640424728394,71761740,1.0016640424728394
USDC,2019-06-09,1.004120945930481,0.9933540225028992,1.0006120204925537,1.0006829500198364,84730095,1.0006829500198364
USDC,2019-06-10,1.006171941757202,0.997642993927002,1.0008100271224976,1.0007380247116089,77849492,1.0007380247116089
USDC,2019-06-11,1.0040149688720703,0.9918339848518372,1.0010219812393188,0.9998540282249452,104507306,0.9998540282249452
USDC,2019-06-12,1.0028029680252075,0.9976850152015686,0.9990890026092528,0.9989529848098756,100661027,0.9989529848098756
USDC,2019-06-13,1.002990961074829,0.9960349798202516,0.9992510080337524,1.0025800466537476,102745227,1.0025800466537476
USDC,2019-06-14,1.0031659603118896,0.9970030188560486,1.0016340017318726,0.9992340207099916,74693218,0.9992340207099916
USDC,2019-06-15,1.0135539770126345,0.9967309832572936,0.9992340207099916,1.0002110004425049,110310160,1.0002110004425049
USDC,2019-06-16,1.006248950958252,0.9965850114822388,1.000143051147461,1.002318024635315,109557094,1.002318024635315
USDC,2019-06-17,1.0062179565429688,0.9969940185546876,1.0041699409484863,0.99862802028656,100022653,0.99862802028656
USDC,2019-06-18,1.0028979778289795,0.9965850114822388,0.9983010292053224,0.9989100098609924,76300038,0.9989100098609924
USDC,2019-06-19,1.0014539957046509,0.9931010007858276,0.998658001422882,0.9976630210876464,119884299,0.9976630210876464
USDC,2019-06-20,1.008147954940796,0.9960489869117736,0.99761301279068,0.9980509877204896,112588159,0.9980509877204896
USDC,2019-06-21,1.018913984298706,0.995402991771698,0.9983789920806884,0.9999750256538392,198318684,0.9999750256538392
USDC,2019-06-22,1.0140990018844604,0.9971399903297424,0.9998520016670228,1.0004630088806152,126408037,1.0004630088806152
USDC,2019-06-23,1.0074950456619265,0.9967799782752992,1.0004630088806152,1.0,146462988,1.0
USDC,2019-06-24,1.011963963508606,0.9964699745178224,0.9998239874839784,1.0028460025787354,162151709,1.0028460025787354
USDC,2019-06-25,1.0390429496765137,0.9936590194702148,1.0028460025787354,1.0045219659805298,301891501,1.0045219659805298
USDC,2019-06-26,1.0148459672927856,0.996533989906311,1.0045219659805298,1.001821994781494,270933375,1.001821994781494
USDC,2019-06-27,1.0084370374679563,0.9981750249862672,1.0006840229034424,1.0026700496673584,222978120,1.0026700496673584
USDC,2019-06-28,1.017361044883728,0.996092975139618,1.002769947052002,0.9996320009231568,204845657,0.9996320009231568
USDC,2019-06-29,1.0121419429779053,0.997759997844696,1.0004709959030151,1.0031919479370115,184930416,1.0031919479370115
USDC,2019-06-30,1.010282039642334,0.9953219890594482,1.0031919479370115,1.000836968421936,180323705,1.000836968421936
USDC,2019-07-01,1.0088900327682495,0.988336980342865,1.000578999519348,1.0020630359649658,197506894,1.0020630359649658
USDC,2019-07-02,1.0066280364990234,0.988103985786438,1.002372980117798,1.0009900331497192,187818876,1.0009900331497192
USDC,2019-07-03,1.0145310163497925,0.9968770146369934,1.0014100074768066,0.9993860125541688,157145205,0.9993860125541688
USDC,2019-07-04,1.0086790323257446,0.9925360083580016,0.9990670084953308,1.000465989112854,105604889,1.000465989112854
USDC,2019-07-05,1.00729501247406,0.9916499853134156,1.0003739595413208,0.9961199760437012,95844874,0.9961199760437012
USDC,2019-07-06,1.0033429861068726,0.992825984954834,0.9958850145339966,0.996720016002655,79091529,0.996720016002655
USDC,2019-07-07,1.0046249628067017,0.9867179989814758,0.996836006641388,0.999369978904724,122496181,0.999369978904724
USDC,2019-07-08,1.0147440433502195,0.9951969981193542,0.9995530247688292,0.9994770288467408,164588273,0.9994770288467408
USDC,2019-07-09,1.0143059492111206,0.992218017578125,0.9978520274162292,1.001109957695007,190158658,1.001109957695007
USDC,2019-07-10,1.010072946548462,0.9956160187721252,1.001078963279724,0.999334990978241,178747822,0.999334990978241
USDC,2019-07-11,1.0042359828948977,0.994867980480194,0.9987229704856871,1.0013999938964844,135296874,1.0013999938964844
USDC,2019-07-12,1.0097819566726685,0.9953110218048096,1.0019010305404663,0.9991310238838196,95762367,0.9991310238838196
USDC,2019-07-13,1.011654019355774,0.9955639839172364,0.9986420273780824,0.9985679984092712,106041670,0.9985679984092712
USDC,2019-07-14,1.0073579549789429,0.9945300221443176,0.9996749758720398,1.003612995147705,138049441,1.003612995147705
USDC,2019-07-15,1.01187002658844,0.994944989681244,1.0045210123062134,0.9999409914016724,184923693,0.9999409914016724
USDC,2019-07-16,1.005519986152649,0.9944679737091064,1.0007610321044922,1.002289056777954,162980968,1.002289056777954
USDC,2019-07-17,1.0069500207901,0.9856359958648682,1.0024670362472534,1.003288984298706,170055529,1.003288984298706
USDC,2019-07-18,1.0164719820022583,0.9911159873008728,1.003288984298706,0.9998520016670228,123323972,0.9998520016670228
USDC,2019-07-19,1.0127849578857422,0.9948350191116332,0.9993879795074464,1.001829981803894,97823106,1.001829981803894
USDC,2019-07-20,1.006294012069702,0.9977139830589294,1.0025659799575806,1.0014309883117676,77161429,1.0014309883117676
USDC,2019-07-21,1.014240026473999,0.9930300116539,1.00115704536438,1.0017110109329224,84139079,1.0017110109329224
USDC,2019-07-22,1.0053449869155884,0.995938003063202,1.0014050006866455,1.0011039972305298,76690057,1.0011039972305298
USDC,2019-07-23,1.0114649534225464,0.9973530173301696,1.0011039972305298,1.003262996673584,81723548,1.003262996673584
USDC,2019-07-24,1.0079389810562134,0.9941089749336244,1.0035719871520996,1.0031249523162842,94853819,1.0031249523162842
USDC,2019-07-25,1.0088740587234497,0.9969900250434875,1.002709984779358,1.0026079416275024,65047970,1.0026079416275024
USDC,2019-07-26,1.017974019050598,0.9917349815368652,1.0026079416275024,1.0006229877471924,112409400,1.0006229877471924
USDC,2019-07-27,1.0112420320510864,0.9871320128440856,1.0006229877471924,1.0020149946212769,61030066,1.0020149946212769
USDC,2019-07-28,1.0081050395965576,0.996312975883484,1.000851035118103,1.0027250051498413,64034829,1.0027250051498413
USDC,2019-07-29,1.0054470300674438,0.9935439825057985,1.0026969909667969,1.0026229619979858,72740003,1.0026229619979858
USDC,2019-07-30,1.0053119659423828,0.9976000189781188,1.0016859769821167,1.0016930103302002,76363107,1.0016930103302002
USDC,2019-07-31,1.0060559511184692,0.9956470131874084,1.001615047454834,1.0022579431533811,90755236,1.0022579431533811
USDC,2019-08-01,1.0087109804153442,0.9989100098609924,1.0025080442428589,0.999779999256134,108695096,0.999779999256134
USDC,2019-08-02,1.0051170587539673,0.997353971004486,0.9998850226402284,1.001780986785889,139947812,1.001780986785889
USDC,2019-08-03,1.005113959312439,0.993340015411377,1.0019279718399048,0.9980900287628174,105761004,0.9980900287628174
USDC,2019-08-04,1.0061789751052856,0.9918429851531982,0.9981539845466614,1.0021049976348877,343644659,1.0021049976348877
USDC,2019-08-05,1.0186749696731567,0.9959840178489684,1.002951979637146,0.9996020197868348,149803388,0.9996020197868348
USDC,2019-08-06,1.0184509754180908,0.9969009757041932,0.9991130232810974,1.001155972480774,133917479,1.001155972480774
USDC,2019-08-07,1.0069760084152222,0.994047999382019,1.001155972480774,0.9964849948883056,107836436,0.9964849948883056
USDC,2019-08-08,1.0053939819335938,0.9966430068016052,0.9969509840011596,0.999862015247345,86084349,0.999862015247345
USDC,2019-08-09,1.0227110385894775,0.9966319799423218,0.999862015247345,1.0031139850616455,121464047,1.0031139850616455
USDC,2019-08-10,1.0085129737854004,0.9970970153808594,1.0031139850616455,0.9975429773330688,88725828,0.9975429773330688
USDC,2019-08-11,1.010880947113037,0.9980220198631288,0.9988139867782592,1.0023590326309204,101717903,1.0023590326309204
USDC,2019-08-12,1.007375955581665,0.9985250234603882,1.0017789602279663,1.000630021095276,106639934,1.000630021095276
USDC,2019-08-13,1.0133730173110962,0.9961249828338624,1.0003559589385986,1.0019680261611938,155009810,1.0019680261611938
USDC,2019-08-14,1.007254958152771,0.9898040294647216,1.0019680261611938,1.0009139776229858,139392936,1.0009139776229858
USDC,2019-08-15,1.0083320140838623,0.9868519902229308,1.0013610124588013,1.0008610486984253,125713021,1.0008610486984253
USDC,2019-08-16,1.0061869621276855,0.9940249919891356,1.000717043876648,1.0008529424667358,87160072,1.0008529424667358
USDC,2019-08-17,1.004606008529663,0.9941499829292296,1.000301957130432,1.0017839670181274,84496697,1.0017839670181274
USDC,2019-08-18,1.0059219598770142,0.9946569800376892,1.0017130374908447,1.001147985458374,110441849,1.001147985458374
USDC,2019-08-19,1.006369948387146,0.9977139830589294,1.0012619495391846,1.0015640258789062,95290236,1.0015640258789062
USDC,2019-08-20,1.017171025276184,0.9943259954452516,1.001376032829285,0.9997230172157288,140393308,0.9997230172157288
USDC,2019-08-21,1.0135409832000732,0.9958800077438354,0.9997230172157288,1.0002379417419434,161974031,1.0002379417419434
USDC,2019-08-22,1.0111680030822754,0.9904630184173584,1.0002379417419434,1.001518964767456,166459701,1.001518964767456
USDC,2019-08-23,1.0136239528656006,0.9948970079421996,1.0017759799957275,1.0026819705963137,148820460,1.0026819705963137
USDC,2019-08-24,1.0123820304870603,0.9953920245170592,1.0026819705963137,0.9991750121116638,155556320,0.9991750121116638
USDC,2019-08-25,1.0081210136413574,0.9872360229492188,0.9990659952163696,1.0021369457244873,188397602,1.0021369457244873
USDC,2019-08-26,1.0089900493621826,0.9977290034294128,1.0022519826889038,1.0013070106506348,134282531,1.0013070106506348
USDC,2019-08-27,1.0284899473190308,0.9964510202407836,1.0008870363235474,0.9998210072517396,167046464,0.9998210072517396
USDC,2019-08-28,1.0077530145645142,0.997435986995697,1.0002830028533936,1.00347101688385,148444116,1.00347101688385
USDC,2019-08-29,1.006464958190918,0.9979239702224731,1.00347101688385,1.0004849433898926,118556193,1.0004849433898926
USDC,2019-08-30,1.010354995727539,0.9993039965629578,1.0005580186843872,1.0034420490264893,88557733,1.0034420490264893
USDC,2019-08-31,1.0049140453338623,0.9974700212478638,1.0034559965133667,1.0012099742889404,85163334,1.0012099742889404
USDC,2019-09-01,1.0026099681854248,0.9901099801063538,1.001250982284546,0.9979900121688844,188570485,0.9979900121688844
USDC,2019-09-02,1.0084370374679563,0.9947059750556946,0.998342990875244,1.000586986541748,312426040,1.000586986541748
USDC,2019-09-03,1.00593900680542,0.9959070086479188,1.000898003578186,1.0010980367660522,214046131,1.0010980367660522
USDC,2019-09-04,1.004951000213623,0.9957069754600524,1.001155972480774,0.9992520213127136,161117389,0.9992520213127136
USDC,2019-09-05,1.0170880556106567,0.995256006717682,0.9992520213127136,1.0024770498275757,235777567,1.0024770498275757
USDC,2019-09-06,1.004660964012146,0.9953269958496094,1.0031490325927734,1.0024060010910034,216553605,1.0024060010910034
USDC,2019-09-07,1.0168930292129517,0.9968569874763488,1.002181053161621,1.00319504737854,184302338,1.00319504737854
USDC,2019-09-08,1.0094059705734253,0.9904549717903136,1.00319504737854,1.0013749599456787,320254412,1.0013749599456787
USDC,2019-09-09,1.016855001449585,0.9986220002174376,1.0012470483779907,1.00131094455719,287595684,1.00131094455719
USDC,2019-09-10,1.0081939697265625,0.998583972454071,1.00131094455719,1.00205397605896,170908062,1.00205397605896
USDC,2019-09-11,1.0059499740600586,0.9977350234985352,1.0023859739303589,0.9990249872207642,208929233,0.9990249872207642
USDC,2019-09-12,1.0064899921417236,0.997497022151947,0.9990280270576476,0.998835027217865,159607257,0.998835027217865
USDC,2019-09-13,1.0047390460968018,0.9981160163879396,0.9995840191841124,0.9993460178375244,146591060,0.9993460178375244
USDC,2019-09-14,1.0061399936676023,0.9985619783401488,0.9993460178375244,1.0033869743347168,108479017,1.0033869743347168
USDC,2019-09-15,1.0105040073394775,0.9953500032424928,1.0031330585479736,0.999925971031189,303681510,0.999925971031189
USDC,2019-09-16,1.0067659616470337,0.9981240034103394,1.0000150203704834,1.003121018409729,171423477,1.003121018409729
USDC,2019-09-17,1.0070960521697998,1.000588059425354,1.0040349960327148,1.0040550231933594,166194614,1.0040550231933594
USDC,2019-09-18,1.0251539945602417,0.9900569915771484,1.0041279792785645,0.998835027217865,232010536,0.998835027217865
USDC,2019-09-19,1.005592942237854,0.998869001865387,1.0000020265579224,1.0013699531555176,192695287,1.0013699531555176
USDC,2019-09-20,1.0072970390319824,0.9995480179786682,1.001067042350769,1.003059983253479,159348829,1.003059983253479
USDC,2019-09-21,1.0087369680404663,0.998308002948761,1.0034940242767334,1.0021309852600098,122958976,1.0021309852600098
USDC,2019-09-22,1.0153100490570068,0.9998049736022948,1.0032010078430176,1.00306499004364,141559451,1.00306499004364
USDC,2019-09-23,1.0550470352172852,0.9912359714508056,1.0032010078430176,1.0041019916534424,289013278,1.0041019916534424
USDC,2019-09-24,1.0097830295562744,0.9977729916572572,1.002434015274048,1.0049020051956177,216810339,1.0049020051956177
USDC,2019-09-25,1.0245280265808103,0.9975469708442688,1.0048969984054563,1.005321025848389,198067687,1.005321025848389
USDC,2019-09-26,1.01016104221344,0.9995779991149902,1.0052900314331057,1.0063689947128296,157011691,1.0063689947128296
USDC,2019-09-27,1.0110939741134644,0.9958029985427856,1.0061440467834473,1.0021699666976929,118395271,1.0021699666976929
USDC,2019-09-28,1.015794038772583,0.9992179870605468,1.0024629831314087,1.0044900178909302,114528745,1.0044900178909302
USDC,2019-09-29,1.013316988945007,0.9962900280952454,1.004472017288208,1.001386046409607,176210397,1.001386046409607
USDC,2019-09-30,1.0093259811401367,0.9954530000686646,1.0006840229034424,1.0032730102539062,139974502,1.0032730102539062
USDC,2019-10-01,1.0064740180969238,0.99862802028656,1.0032730102539062,1.0011279582977295,170359263,1.0011279582977295
USDC,2019-10-02,1.0101410150527954,0.997937023639679,1.0008540153503418,1.0023709535598757,217085171,1.0023709535598757
USDC,2019-10-03,1.0130449533462524,1.000175952911377,1.0022920370101929,1.0054069757461548,154530799,1.0054069757461548
USDC,2019-10-04,1.0085099935531616,0.9961090087890624,1.0054069757461548,0.9988629817962646,131141182,0.9988629817962646
USDC,2019-10-05,1.0218960046768188,0.9969030022621156,0.99891597032547,1.0135469436645508,154064852,1.0135469436645508
USDC,2019-10-06,1.0173109769821167,0.996638000011444,1.0122690200805664,1.0054919719696045,183256904,1.0054919719696045
USDC,2019-10-07,1.0091450214385986,0.9983720183372498,1.0048569440841677,1.0054450035095217,182457962,1.0054450035095217
USDC,2019-10-08,1.010167956352234,0.9917010068893432,1.0054450035095217,1.0008679628372192,213518684,1.0008679628372192
USDC,2019-10-09,1.003993034362793,0.995635986328125,1.0005340576171875,1.000491976737976,219588027,1.000491976737976
USDC,2019-10-10,1.0129770040512085,0.9909129738807678,1.0003010034561155,1.007017970085144,212197499,1.007017970085144
USDC,2019-10-11,1.007017970085144,0.999284029006958,1.007017970085144,1.0028409957885742,155919006,1.0028409957885742
USDC,2019-10-12,1.0153549909591677,0.9999250173568726,1.0029419660568235,1.0031689405441284,141554667,1.0031689405441284
USDC,2019-10-13,1.007606029510498,0.9940800070762634,1.0031689405441284,1.002748966217041,190937613,1.002748966217041
USDC,2019-10-14,1.0143109560012815,0.9964759945869446,1.0029489994049072,1.004289984703064,225464591,1.004289984703064
USDC,2019-10-15,1.010509014129639,0.9998400211334229,1.0043129920959473,1.0046789646148682,273003369,1.0046789646148682
USDC,2019-10-16,1.0082379579544067,1.001003980636597,1.0043820142745972,1.00313401222229,163371782,1.00313401222229
USDC,2019-10-17,1.0151300430297852,1.0006150007247925,1.00313401222229,1.0016740560531616,167707575,1.0016740560531616
USDC,2019-10-18,1.0084290504455566,0.9965029954910278,1.0014890432357788,1.0039299726486206,134004655,1.0039299726486206
USDC,2019-10-19,1.0073540210723877,0.9907789826393129,1.0037000179290771,1.0005029439926147,142910830,1.0005029439926147
USDC,2019-10-20,1.004760980606079,0.9988449811935424,1.0005300045013428,1.0025880336761477,204345569,1.0025880336761477
USDC,2019-10-21,1.0067579746246338,1.0000200271606443,1.0022239685058594,1.0026930570602417,157055490,1.0026930570602417
USDC,2019-10-22,1.0350860357284546,1.0004509687423706,1.0026030540466309,1.0031700134277344,202607602,1.0031700134277344
USDC,2019-10-23,1.0077229738235474,1.0019489526748655,1.0029079914093018,1.0077229738235474,169699224,1.0077229738235474
USDC,2019-10-24,1.0092649459838867,0.9745529890060424,1.0077229738235474,1.000640034675598,269128282,1.000640034675598
USDC,2019-10-25,1.0088900327682495,0.967926025390625,1.0005899667739868,0.9988849759101868,325436453,0.9988849759101868
USDC,2019-10-26,1.0068559646606443,0.9730979800224304,0.9989960193634032,1.0008139610290527,259625515,1.0008139610290527
USDC,2019-10-28,1.0064020156860352,0.9746230244636536,1.0004019737243652,1.0011579990386963,279804543,1.0011579990386963
USDC,2019-10-29,1.0123120546340942,0.9922149777412416,1.002181053161621,0.9996349811553956,275012859,0.9996349811553956
USDC,2019-10-30,1.0079439878463743,0.9983959794044496,1.0000380277633667,1.0025880336761477,278236712,1.0025880336761477
USDC,2019-10-31,1.040577054023743,0.9963499903678894,1.0024019479751587,1.0049749612808228,238812359,1.0049749612808228
USDC,2019-11-01,1.0090210437774658,0.9986519813537598,1.005260944366455,1.0018739700317385,244379930,1.0018739700317385
USDC,2019-11-02,1.0098999738693235,0.9953569769859314,1.0018739700317385,1.0027459859848022,222754025,1.0027459859848022
USDC,2019-11-03,1.0125290155410769,0.9977350234985352,1.0031369924545288,1.0032119750976562,208342328,1.0032119750976562
USDC,2019-11-04,1.006937026977539,0.9914349913597108,1.0029079914093018,1.002729058265686,310602968,1.002729058265686
USDC,2019-11-05,1.0083320140838623,0.9954169988632202,1.002729058265686,1.003358006477356,294667615,1.003358006477356
USDC,2019-11-06,1.0066540241241455,0.9992179870605468,1.0039949417114258,1.001407027244568,254889570,1.001407027244568
USDC,2019-11-07,1.0090440511703491,0.9995959997177124,1.001479983329773,1.0061039924621582,239841337,1.0061039924621582
USDC,2019-11-08,1.014485001564026,0.9997130036354064,1.0059510469436646,1.002701997756958,274189415,1.002701997756958
USDC,2019-11-09,1.0067139863967896,0.999435007572174,1.002871036529541,0.9999079704284668,181125623,0.9999079704284668
USDC,2019-11-10,1.009477972984314,0.9875400066375732,1.0004390478134155,1.0020999908447266,208138709,1.0020999908447266
USDC,2019-11-11,1.0121300220489502,0.999296009540558,1.0021799802780151,1.0040650367736816,249046403,1.0040650367736816
USDC,2019-11-12,1.0110429525375366,0.99795800447464,1.0040910243988037,1.0027070045471191,231927404,1.0027070045471191
USDC,2019-11-13,1.008558988571167,1.0005320310592651,1.0025140047073364,1.004377007484436,221641563,1.004377007484436
USDC,2019-11-14,1.0146989822387695,1.0009750127792358,1.0045360326766968,1.0069390535354614,206724419,1.0069390535354614
USDC,2019-11-15,1.015107035636902,0.9989420175552368,1.0075780153274536,1.0025899410247805,217386443,1.0025899410247805
USDC,2019-11-16,1.0109779834747314,1.0023809671401978,1.002776026725769,1.0079690217971802,196265977,1.0079690217971802
USDC,2019-11-17,1.0189820528030396,1.0029959678649902,1.0079690217971802,1.0082190036773682,348968468,1.0082190036773682
USDC,2019-11-18,1.0233039855957031,1.0072660446166992,1.0084149837493896,1.0136289596557615,318741886,1.0136289596557615
USDC,2019-11-19,1.0292259454727173,1.0041300058364868,1.014206051826477,1.0102250576019287,270511693,1.0102250576019287
USDC,2019-11-20,1.0200680494308472,1.004362940788269,1.0102250576019287,1.0070140361785889,243202937,1.0070140361785889
USDC,2019-11-21,1.02059805393219,1.0025709867477417,1.0065759420394895,1.0040420293807983,273585206,1.0040420293807983
USDC,2019-11-22,1.0157170295715332,0.9920340180397034,1.0040420293807983,1.0012470483779907,360936425,1.0012470483779907
USDC,2019-11-23,1.015544056892395,0.9989389777183532,1.001101016998291,1.0117440223693848,278078472,1.0117440223693848
USDC,2019-11-24,1.0165460109710691,1.0020899772644043,1.0119940042495728,1.0088789463043213,205327943,1.0088789463043213
USDC,2019-11-25,1.0191069841384888,0.9870949983596802,1.008133053779602,1.000393033027649,292879020,1.000393033027649
USDC,2019-11-26,1.019232988357544,0.99679297208786,1.0001219511032104,1.0079350471496582,253662665,1.0079350471496582
USDC,2019-11-27,1.0289310216903689,0.985044002532959,1.0024299621582031,1.0074880123138428,320421509,1.0074880123138428
USDC,2019-11-28,1.0315320491790771,1.0041389465332031,1.0070010423660278,1.006754994392395,297912088,1.006754994392395
USDC,2019-11-29,1.0164239406585691,0.99270498752594,1.00649094581604,1.0030499696731567,243248443,1.0030499696731567
USDC,2019-11-30,1.013131022453308,0.9918259978294371,1.002871036529541,0.9976580142974854,225316662,0.9976580142974854
USDC,2019-12-01,1.0111730098724363,0.981535017490387,0.9978690147399902,0.9964500069618224,195974260,0.9964500069618224
USDC,2019-12-02,1.0134689807891846,0.9871129989624025,0.9966189861297609,0.9987940192222596,236676758,0.9987940192222596
USDC,2019-12-03,1.0123909711837769,0.9889559745788574,0.9987940192222596,1.0021460056304932,220114424,1.0021460056304932
USDC,2019-12-04,1.0131980180740356,0.989386022090912,1.002410054206848,1.0049550533294678,266815750,1.0049550533294678
USDC,2019-12-05,1.014341950416565,0.9956290125846864,1.004106044769287,1.0089449882507324,278757472,1.0089449882507324
USDC,2019-12-06,1.011796951293945,0.9986410140991212,1.009158968925476,1.0032509565353394,303997788,1.0032509565353394
USDC,2019-12-07,1.0097010135650637,1.0020350217819214,1.0038750171661377,1.0065590143203735,303307059,1.0065590143203735
USDC,2019-12-08,1.0138369798660278,1.002094030380249,1.006363034248352,1.0054700374603271,343379311,1.0054700374603271
USDC,2019-12-09,1.0109989643096924,0.9963099956512452,1.0061049461364746,1.005753993988037,289633306,1.005753993988037
USDC,2019-12-10,1.0107970237731934,1.0006580352783203,1.0058770179748535,1.0063409805297852,337364122,1.0063409805297852
USDC,2019-12-11,1.0139479637145996,1.0007699728012085,1.0068069696426392,1.0007699728012085,220178877,1.0007699728012085
USDC,2019-12-12,1.013901948928833,0.9953259825706482,1.00075101852417,1.0069659948349,254328990,1.0069659948349
USDC,2019-12-13,1.0082590579986572,1.000978946685791,1.006780982017517,1.0030560493469238,234842837,1.0030560493469238
USDC,2019-12-14,1.0100350379943848,1.0016579627990725,1.0033249855041504,1.0068659782409668,219599263,1.0068659782409668
USDC,2019-12-15,1.0089010000228882,0.9971250295639038,1.0068659782409668,1.005689024925232,245259537,1.005689024925232
USDC,2019-12-16,1.0194799900054932,1.0007270574569702,1.0057090520858765,1.0036170482635498,267804554,1.0036170482635498
USDC,2019-12-17,1.021873950958252,0.9940540194511414,1.0036170482635498,0.9987260103225708,343419650,0.9987260103225708
USDC,2019-12-18,1.0344010591506958,0.993736982345581,0.997871994972229,1.009050965309143,502511827,1.009050965309143
USDC,2019-12-19,1.0231679677963257,0.99685400724411,1.00934100151062,1.009814977645874,328027662,1.009814977645874
USDC,2019-12-20,1.014274001121521,1.003919005393982,1.009814977645874,1.0057090520858765,286324794,1.0057090520858765
USDC,2019-12-21,1.0094809532165527,1.0047580003738403,1.00566303730011,1.0077459812164309,318647354,1.0077459812164309
USDC,2019-12-22,1.0088649988174438,0.998062014579773,1.007755994796753,1.002087950706482,304211343,1.002087950706482
USDC,2019-12-23,1.0096759796142578,0.995127022266388,1.0015870332717896,1.0005830526351929,318337304,1.0005830526351929
USDC,2019-12-24,1.0257840156555176,0.9997439980506896,1.0011889934539795,1.0102360248565674,228681222,1.0102360248565674
USDC,2019-12-25,1.0208250284194946,1.00490403175354,1.0102360248565674,1.012935996055603,275322378,1.012935996055603
USDC,2019-12-26,1.0162160396575928,0.9969779849052428,1.012935996055603,1.0050480365753174,220889371,1.0050480365753174
USDC,2019-12-27,1.0242819786071775,0.9972829818725586,1.0053379535675049,1.0086439847946167,273234537,1.0086439847946167
USDC,2019-12-28,1.012573003768921,1.0019810199737549,1.0086439847946167,1.0024019479751587,264015986,1.0024019479751587
USDC,2019-12-29,1.0273430347442627,0.9997900128364564,1.002526044845581,1.005282998085022,277058217,1.005282998085022
USDC,2019-12-30,1.0144920349121094,1.0044809579849243,1.00614595413208,1.009358048439026,391410188,1.009358048439026
USDC,2019-12-31,1.01425302028656,1.001067042350769,1.0091979503631592,1.003730058670044,267041315,1.003730058670044
USDC,2020-01-01,1.006639003753662,1.0019890069961548,1.003730058670044,1.004078984260559,242586528,1.004078984260559
USDC,2020-01-02,1.0126359462738037,1.0025429725646973,1.0044310092926023,1.0050170421600342,318268134,1.0050170421600342
USDC,2020-01-03,1.0079280138015747,0.9884549975395204,1.005357027053833,1.0052729845046997,374792167,1.0052729845046997
USDC,2020-01-04,1.0183910131454468,1.0012730360031128,1.0048179626464844,1.0094660520553589,334494308,1.0094660520553589
USDC,2020-01-05,1.0187180042266846,1.003931999206543,1.0087480545043943,1.0084969997406006,334597544,1.0084969997406006
USDC,2020-01-06,1.0151820182800293,0.9996349811553956,1.00907301902771,1.0031189918518066,383494516,1.0031189918518066
USDC,2020-01-07,1.010913968086243,0.9978169798851012,1.0036519765853882,0.9994999766349792,400308774,0.9994999766349792
USDC,2020-01-08,1.013774037361145,0.9923880100250244,0.999983012676239,1.0046030282974243,410892668,1.0046030282974243
USDC,2020-01-09,1.011631965637207,0.9970399737358092,1.003612041473389,1.007030963897705,307584171,1.007030963897705
USDC,2020-01-10,1.0162099599838257,0.994234025478363,1.008286952972412,1.0008219480514526,350097573,1.0008219480514526
USDC,2020-01-11,1.0094130039215088,0.9953340291976928,1.0012270212173462,1.0025290250778198,287180029,1.0025290250778198
USDC,2020-01-12,1.0113840103149414,0.9970589876174928,1.002040982246399,1.0043179988861084,330297498,1.0043179988861084
USDC,2020-01-13,1.0120619535446167,1.000578999519348,1.004209041595459,1.0043189525604248,343177235,1.0043189525604248
USDC,2020-01-14,1.0195369720458984,0.9944859743118286,1.0053470134735107,1.0023709535598757,469120389,1.0023709535598757
USDC,2020-01-15,1.026960015296936,0.9921919703483582,1.001539945602417,1.0011650323867798,493412531,1.0011650323867798
USDC,2020-01-16,1.00736403465271,0.9989929795265198,1.0010709762573242,1.002668023109436,430662074,1.002668023109436
USDC,2020-01-17,1.0065150260925293,0.9983180165290833,1.0025219917297363,1.0045230388641355,479116540,1.0045230388641355
USDC,2020-01-18,1.0077639818191528,0.9998390078544616,1.004148006439209,1.0053199529647827,413666367,1.0053199529647827
USDC,2020-01-19,1.0252530574798584,0.9938600063323976,1.0050820112228394,0.997290015220642,423373607,0.997290015220642
USDC,2020-01-20,1.0050309896469116,0.9964849948883056,0.9973469972610474,1.000802993774414,343768616,1.000802993774414
USDC,2020-01-21,1.0038360357284546,0.9972270131111144,1.000669002532959,1.002642035484314,311559856,1.002642035484314
USDC,2020-01-22,1.0076199769973757,0.998714029788971,1.0020190477371216,1.001615047454834,309750921,1.001615047454834
USDC,2020-01-23,1.004086971282959,0.995976984500885,1.0014679431915283,1.0008790493011477,320079261,1.0008790493011477
USDC,2020-01-24,1.0047340393066406,0.9942150115966796,1.0010230541229248,1.0027929544448853,315274054,1.0027929544448853
USDC,2020-01-25,1.0048919916152954,0.998438000679016,1.0031139850616455,1.0020350217819214,265326087,1.0020350217819214
USDC,2020-01-26,1.0146299600601196,0.9977399706840516,1.002094030380249,1.0121840238571167,292385181,1.0121840238571167
USDC,2020-01-27,1.023859977722168,1.0073009729385376,1.0121990442276,1.0191210508346558,393996733,1.0191210508346558
USDC,2020-01-28,1.0269379615783691,1.0049329996109009,1.0190759897232056,1.0241960287094116,502474594,1.0241960287094116
USDC,2020-01-29,1.0297549962997437,1.012645959854126,1.0243699550628662,1.02509605884552,381758732,1.02509605884552
USDC,2020-01-30,1.051867961883545,1.022408962249756,1.0244040489196775,1.0440289974212646,316332808,1.0440289974212646
USDC,2020-01-31,1.0460540056228638,1.0216480493545532,1.0436270236968994,1.028373956680298,361818896,1.028373956680298
USDC,2020-02-01,1.036741018295288,1.0222430229187012,1.028594970703125,1.0275460481643677,313660538,1.0275460481643677
USDC,2020-02-02,1.0368280410766602,1.0220060348510742,1.027541995048523,1.0282100439071655,384098792,1.0282100439071655
USDC,2020-02-03,1.0334399938583374,1.02305805683136,1.0282100439071655,1.0264339447021484,387993602,1.0264339447021484
USDC,2020-02-04,1.029240965843201,1.0196690559387207,1.0255379676818848,1.0244359970092771,382499609,1.0244359970092771
USDC,2020-02-05,1.0354009866714478,1.0224989652633667,1.024183988571167,1.0318690538406372,468527693,1.0318690538406372
USDC,2020-02-06,1.0332419872283936,1.0229829549789429,1.0320130586624146,1.0246570110321045,501097854,1.0246570110321045
USDC,2020-02-07,1.024817943572998,1.0147730112075806,1.024562954902649,1.0169310569763184,676480629,1.0169310569763184
USDC,2020-02-08,1.0240139961242676,1.0151959657669067,1.0172909498214722,1.0195419788360596,620221599,1.0195419788360596
USDC,2020-02-09,1.04202401638031,1.0159850120544434,1.019204020500183,1.0245779752731323,659695137,1.0245779752731323
USDC,2020-02-10,1.0311750173568726,1.015231966972351,1.0235270261764526,1.0188560485839844,733552993,1.0188560485839844
USDC,2020-02-11,1.0222899913787842,1.004747986793518,1.018272042274475,1.014909029006958,845894777,1.014909029006958
USDC,2020-02-12,1.035392999649048,1.012526035308838,1.0145339965820312,1.033136963844299,555559141,1.033136963844299
USDC,2020-02-13,1.0467979907989502,1.018275022506714,1.0334819555282593,1.0191160440444946,850741759,1.0191160440444946
USDC,2020-02-14,1.022825002670288,1.0148730278015137,1.018646001815796,1.0167230367660522,928033207,1.0167230367660522
USDC,2020-02-15,1.0307890176773071,1.009240984916687,1.0167230367660522,1.0112550258636477,848189242,1.0112550258636477
USDC,2020-02-16,1.0223259925842283,1.0075069665908811,1.0113329887390137,1.009634017944336,926497189,1.009634017944336
USDC,2020-02-17,1.0178070068359375,1.0071690082550049,1.0110069513320925,1.0118980407714844,983888760,1.0118980407714844
USDC,2020-02-18,1.0353150367736816,1.007809042930603,1.0116839408874512,1.0212210416793823,739770635,1.0212210416793823
USDC,2020-02-19,1.046077013015747,1.0037620067596436,1.0208040475845337,1.0074139833450315,857550747,1.0074139833450315
USDC,2020-02-20,1.015347957611084,1.0045150518417358,1.0071419477462769,1.009511947631836,977934310,1.009511947631836
USDC,2020-02-21,1.0174570083618164,1.004647970199585,1.0104349851608276,1.0112249851226809,1007474893,1.0112249851226809
USDC,2020-02-22,1.0188490152359009,0.99611097574234,1.0107309818267822,0.999921977519989,945408542,0.999921977519989
USDC,2020-02-23,1.00301194190979,0.9915050268173218,1.000602960586548,0.997281014919281,1033736189,0.997281014919281
USDC,2020-02-24,1.007127046585083,0.9956629872322084,0.9981210231781006,0.9995369911193848,1114860352,0.9995369911193848
USDC,2020-02-25,1.009598970413208,0.9956690073013306,0.999405026435852,1.0003379583358765,1047807481,1.0003379583358765
USDC,2020-02-26,1.0111689567565918,0.997353971004486,1.0001699924468994,1.0029979944229126,1160696128,1.0029979944229126
USDC,2020-02-27,1.0065909624099731,0.9936360120773317,1.002992033958435,1.0006190538406372,1097362414,1.0006190538406372
USDC,2020-02-28,1.0076440572738647,0.9917010068893432,1.0008169412612915,0.9929810166358948,1039692084,0.9929810166358948
USDC,2020-02-29,1.005288004875183,0.9926829934120178,0.9934549927711488,1.0045859813690186,938837732,1.0045859813690186
USDC,2020-03-01,1.0065399408340454,0.9969940185546876,1.0047800540924072,1.001160979270935,897676018,1.001160979270935
USDC,2020-03-02,1.0041979551315308,0.9933329820632936,1.0016800165176392,0.9942110180854796,938905914,0.9942110180854796
USDC,2020-03-03,1.0054609775543213,0.9943810105323792,0.994526982307434,1.002810001373291,1012370159,1.002810001373291
USDC,2020-03-04,1.004683017730713,0.9941549897193908,1.0018130540847778,1.000452995300293,786351195,1.000452995300293
USDC,2020-03-05,1.0056860446929932,0.9956629872322084,1.000311017036438,1.004377007484436,765829131,1.004377007484436
USDC,2020-03-06,1.005571961402893,0.9968760013580322,1.0043580532073977,0.9974340200424194,1401149802,0.9974340200424194
USDC,2020-03-07,1.0086510181427002,0.9965890049934388,0.9966920018196106,1.0004119873046875,1239893192,1.0004119873046875
USDC,2020-03-08,1.016219973564148,0.997012972831726,1.0004119873046875,1.0074039697647097,1430098332,1.0074039697647097
USDC,2020-03-09,1.008800029754639,0.9937959909439088,1.0067180395126345,1.0011110305786133,1320662037,1.0011110305786133
USDC,2020-03-10,1.0167139768600464,0.9921330213546752,1.0016850233078003,1.001518964767456,1545918026,1.001518964767456
USDC,2020-03-11,1.006032943725586,0.9945399761199952,1.0019689798355105,0.9973170161247252,1295474005,0.9973170161247252
USDC,2020-03-12,1.0790990591049194,0.9578099846839904,0.9977849721908568,1.0405529737472534,1605204520,1.0405529737472534
USDC,2020-03-13,1.0604239702224731,0.9292219877243042,1.0340640544891355,1.0025219917297363,847303035,1.0025219917297363
USDC,2020-03-14,1.0075589418411257,0.9849169850349426,1.0043059587478638,1.0004969835281372,574424825,1.0004969835281372
USDC,2020-03-15,1.014001965522766,0.9944999814033508,0.9984449744224548,1.0031440258026123,712798810,1.0031440258026123
USDC,2020-03-16,1.043192982673645,0.9725540280342102,1.0024900436401367,0.9986029863357544,700699447,0.9986029863357544
USDC,2020-03-17,1.0055660009384155,0.9552940130233764,0.9963769912719728,0.9702379703521729,561066412,0.9702379703521729
USDC,2020-03-18,1.0037389993667605,0.9663040041923524,0.9679380059242249,0.9701240062713624,649533429,0.9701240062713624
USDC,2020-03-19,1.00580096244812,0.9495260119438172,0.9701240062713624,1.0021040439605713,1067530248,1.0021040439605713
USDC,2020-03-20,1.0114229917526243,0.9604610204696656,1.001054048538208,0.9965850114822388,961675019,0.9965850114822388
USDC,2020-03-21,1.0147180557250977,0.9858750104904176,0.9949190020561218,1.0009139776229858,1073258927,1.0009139776229858
USDC,2020-03-22,1.0116740465164185,0.9792829751968384,0.999032974243164,0.9959359765052797,687125480,0.9959359765052797
USDC,2020-03-23,1.0069199800491333,0.9633070230484008,0.9959359765052797,0.9910209774971008,687375222,0.9910209774971008
USDC,2020-03-24,1.0131080150604248,0.983102023601532,0.9936569929122924,0.995981991291046,743619081,0.995981991291046
USDC,2020-03-25,1.00587797164917,0.9885500073432922,0.9960950016975404,0.997521996498108,734599583,0.997521996498108
USDC,2020-03-26,1.005519986152649,0.9905700087547302,0.997521996498108,0.994055986404419,829443692,0.994055986404419
USDC,2020-03-27,1.024405002593994,0.9875590205192566,0.994388997554779,1.0121639966964722,956026571,1.0121639966964722
USDC,2020-03-28,1.0176759958267212,0.9930480122566224,1.0121990442276,0.9968720078468324,821108456,0.9968720078468324
USDC,2020-03-29,1.0088679790496826,0.9762539863586426,0.997569978237152,0.9780380129814148,641642083,0.9780380129814148
USDC,2020-03-29,1.0054659843444824,0.9753879904747008,0.9770259857177734,1.0054659843444824,947341484,1.0054659843444824
USDC,2020-03-30,1.0051980018615725,0.9911370277404784,1.003728985786438,1.0013339519500732,757273271,1.0013339519500732
USDC,2020-03-31,1.0097719430923462,0.9667869806289672,1.0013339519500732,0.9957470297813416,874513925,0.9957470297813416
USDC,2020-04-01,1.0050280094146729,0.9875379800796508,0.9960309863090516,0.9996029734611512,1119590861,0.9996029734611512
USDC,2020-04-02,1.0061990022659302,0.9957500100135804,1.000548005104065,1.0006660223007202,802031808,1.0006660223007202
USDC,2020-04-03,1.014920949935913,0.9946029782295228,1.0004160404205322,1.0015809535980225,733529363,1.0015809535980225
USDC,2020-04-04,1.006140947341919,0.9975159764289856,1.0018600225448608,1.001513957977295,718937342,1.001513957977295
USDC,2020-04-05,1.0096149444580078,0.9903090000152588,1.002647042274475,0.996729016304016,870767266,0.996729016304016
USDC,2020-04-06,1.0072829723358154,0.990211009979248,0.9957000017166138,0.9963279962539672,895902327,0.9963279962539672
USDC,2020-04-07,1.0028959512710571,0.986050009727478,0.9961040019989014,0.9958459734916688,775527778,0.9958459734916688
USDC,2020-04-08,1.002784013748169,0.9939680099487304,0.99550598859787,1.001512050628662,767509663,1.001512050628662
USDC,2020-04-09,1.0060529708862305,0.9902650117874146,1.0012550354003906,0.9989709854125975,847956955,0.9989709854125975
USDC,2020-04-10,1.0007799863815308,0.9801560044288636,0.9989709854125975,0.9950069785118104,665074561,0.9950069785118104
USDC,2020-04-11,1.0041199922561646,0.9883540272712708,0.994383990764618,1.0040650367736816,805969792,1.0040650367736816
USDC,2020-04-12,1.011036038398743,0.991047978401184,1.0035150051116943,0.9984229803085328,721095996,0.9984229803085328
USDC,2020-04-13,1.0027559995651243,0.9898859858512878,0.9985849857330322,0.9959269762039183,723478384,0.9959269762039183
USDC,2020-04-14,1.0057729482650757,0.9672819972038268,0.9948880076408386,0.9996610283851624,834202006,0.9996610283851624
USDC,2020-04-15,1.0065909624099731,0.9808250069618224,0.99964702129364,1.0010969638824463,1055234948,1.0010969638824463
USDC,2020-04-17,1.0077110528945925,0.9938169717788696,1.0061030387878418,0.9998850226402284,850643276,0.9998850226402284
USDC,2020-04-18,1.0108870267868042,0.9948260188102722,0.99932599067688,1.0060579776763916,894054504,1.0060579776763916
USDC,2020-04-19,1.009721040725708,0.9971879720687866,1.005674958229065,1.002189040184021,645616338,1.002189040184021
USDC,2020-04-20,1.0076249837875366,0.9968670010566713,1.0034290552139282,1.002432942390442,512937610,1.002432942390442
USDC,2020-04-21,1.0077379941940308,0.9960280060768129,1.0020309686660769,1.0005290508270264,416817326,1.0005290508270264
USDC,2020-04-22,1.0053670406341553,0.982146978378296,1.0003279447555542,0.9938079714775084,469598546,0.9938079714775084
USDC,2020-04-23,1.0076580047607422,0.9887800216674804,0.99268901348114,1.0061980485916138,435965644,1.0061980485916138
USDC,2020-04-24,1.0089390277862549,0.9948520064353944,1.0062309503555298,1.003965973854065,379571252,1.003965973854065
USDC,2020-04-25,1.009477972984314,0.9933919906616212,1.004201054573059,0.998956024646759,419876552,0.998956024646759
USDC,2020-04-26,1.006593942642212,0.995307981967926,1.0001189708709717,1.0023150444030762,425919491,1.0023150444030762
USDC,2020-04-27,1.0066070556640625,0.998134970664978,1.002539038658142,1.0042239427566528,358936206,1.0042239427566528
USDC,2020-04-28,1.010064959526062,0.9908769726753236,1.003924012184143,1.0051510334014893,617721870,1.0051510334014893
USDC,2020-04-29,1.009058952331543,0.992139995098114,1.0048290491104126,1.0018210411071775,588729708,1.0018210411071775
USDC,2020-04-30,1.00873601436615,0.9987069964408876,1.0018210411071775,1.0049200057983398,483918719,1.0049200057983398
USDC,2020-05-01,1.008370041847229,0.9960780143737792,1.0058389902114868,1.0025089979171753,527930176,1.0025089979171753
USDC,2020-05-02,1.0091300010681152,0.9965400099754332,1.003095030784607,0.999296009540558,538532397,0.999296009540558
USDC,2020-05-03,1.0084370374679563,0.9983819723129272,0.9996970295906068,1.0026520490646362,546869282,1.0026520490646362
USDC,2020-05-04,1.004711031913757,0.9938399791717528,1.0021530389785769,0.999118983745575,568954079,0.999118983745575
USDC,2020-05-05,1.0111839771270752,0.9947400093078612,0.9971920251846312,1.0080729722976685,570788155,1.0080729722976685
USDC,2020-05-06,1.012760043144226,0.9894980192184448,1.0080729722976685,1.000923991203308,569477470,1.000923991203308
USDC,2020-05-07,1.0087109804153442,0.9946240186691284,1.000923991203308,1.003993034362793,573933002,1.003993034362793
USDC,2020-05-08,1.0061579942703247,0.9966210126876832,1.00416898727417,1.0021129846572876,527392293,1.0021129846572876
USDC,2020-05-09,1.0103479623794556,0.9886019825935364,1.0020040273666382,1.0016930103302002,628815173,1.0016930103302002
USDC,2020-05-10,1.0052579641342163,0.9624390006065368,1.0015259981155396,0.9973210096359252,560486656,0.9973210096359252
USDC,2020-05-11,1.0055170059204102,0.9967160224914552,0.9967460036277772,1.0011919736862185,418915209,1.0011919736862185
USDC,2020-05-12,1.0036159753799438,0.9922320246696472,1.00114905834198,1.0010110139846802,442974311,1.0010110139846802
USDC,2020-05-13,1.0087029933929443,0.9879950284957886,0.9985309839248656,0.996882975101471,589452910,0.996882975101471
USDC,2020-05-14,1.0175570249557495,0.9938830137252808,0.9967569708824158,1.0029480457305908,733477055,1.0029480457305908
USDC,2020-05-15,1.0040889978408811,0.9973009824752808,1.0026659965515137,0.999336004257202,590472282,0.999336004257202
USDC,2020-05-16,1.004608988761902,0.9926980137825012,0.999701976776123,1.0015939474105835,623833304,1.0015939474105835
USDC,2020-05-17,1.008149027824402,0.9940099716186525,1.0014369487762451,1.0013099908828735,556502433,1.0013099908828735
USDC,2020-05-18,1.0075639486312866,0.9942989945411682,1.001289963722229,0.995395004749298,645252420,0.995395004749298
USDC,2020-05-19,1.0093820095062256,0.993936002254486,0.9946190118789672,0.999987006187439,654997591,0.999987006187439
USDC,2020-05-20,1.0119309425354004,0.9952179789543152,1.0001590251922607,1.001997947692871,639942387,1.001997947692871
USDC,2020-05-21,1.005913019180298,0.9975289702415466,1.0026030540466309,1.0031440258026123,479674913,1.0031440258026123
USDC,2020-05-22,1.0052789449691772,0.9965270161628724,1.0027040243148804,1.0046000480651855,418061541,1.0046000480651855
USDC,2020-05-23,1.0142979621887207,0.9961519837379456,1.004670023918152,1.0024019479751587,420645623,1.0024019479751587
USDC,2020-05-24,1.0048739910125732,0.996154010295868,1.0014909505844116,1.002305030822754,427366175,1.002305030822754
USDC,2020-05-25,1.0073100328445437,0.9944660067558287,1.0020660161972046,0.9993709921836852,386722721,0.9993709921836852
USDC,2020-05-26,1.0052510499954224,0.9939929842948914,0.9993709921836852,1.00232994556427,447623269,1.00232994556427
USDC,2020-05-27,1.0046230554580688,0.9930649995803832,1.0021699666976929,0.9989590048789978,477608688,0.9989590048789978
USDC,2020-05-28,1.0068069696426392,0.9974430203437804,0.9979829788208008,1.0024189949035645,445311776,1.0024189949035645
USDC,2020-05-29,1.005571961402893,0.9961979985237122,1.0026119947433472,1.003275990486145,478039732,1.003275990486145
USDC,2020-05-30,1.008365035057068,0.9995110034942628,1.003275990486145,1.0024689435958862,437098476,1.0024689435958862
USDC,2020-05-31,1.0051120519638062,0.9825289845466614,1.0021799802780151,1.00244402885437,511987831,1.00244402885437
USDC,2020-06-01,1.0087050199508667,0.9841319918632508,1.0027250051498413,0.9989050030708312,517602290,0.9989050030708312
USDC,2020-06-02,1.0040080547332764,0.998053014278412,0.9988070130348206,0.9999409914016724,370385643,0.9999409914016724
USDC,2020-06-03,1.004482984542847,0.9950870275497437,1.0000929832458496,1.00137197971344,292616628,1.00137197971344
USDC,2020-06-04,1.0096030235290527,0.9983739852905272,1.0015560388565063,1.0028610229492188,267403161,1.0028610229492188
USDC,2020-06-05,1.0060460567474363,0.9950140118598938,1.0033960342407229,0.9982699751853944,249661876,0.9982699751853944
USDC,2020-06-06,1.0055769681930542,0.9956820011138916,0.998251974582672,1.0016709566116333,278942203,1.0016709566116333
USDC,2020-06-07,1.004377007484436,0.9952849745750428,1.001781940460205,0.9983950257301332,258124392,0.9983950257301332
USDC,2020-06-08,1.0086469650268557,0.997734010219574,0.9983450174331664,1.0029230117797852,275906690,1.0029230117797852
USDC,2020-06-09,1.0044269561767578,0.9882339835166932,1.0029250383377075,0.999464988708496,286430600,0.999464988708496
USDC,2020-06-10,1.0088789463043213,0.9969090223312378,0.999464988708496,1.002308011054993,361418859,1.002308011054993
USDC,2020-06-11,1.0037599802017212,1.000048041343689,1.0023750066757202,1.00149405002594,269662003,1.00149405002594
USDC,2020-06-12,1.0040719509124756,1.000766038894653,1.0024980306625366,1.0010230541229248,244922456,1.0010230541229248
USDC,2020-06-13,1.007796049118042,0.9969249963760376,0.99993497133255,1.0045729875564575,261665467,1.0045729875564575
USDC,2020-06-14,1.01261305809021,0.9999639987945556,1.0045729875564575,1.0009260177612305,329241566,1.0009260177612305
USDC,2020-06-15,1.0035719871520996,0.9988120198249816,1.0010210275650024,1.0001510381698608,305768693,1.0001510381698608
USDC,2020-06-16,1.0050630569458008,0.9994329810142516,1.0001410245895386,1.0011800527572632,296663411,1.0011800527572632
USDC,2020-06-17,1.005221962928772,0.9987499713897704,1.001469969749451,1.002308011054993,265869062,1.002308011054993
USDC,2020-06-18,1.0061349868774414,0.9975150227546692,1.0029699802398682,0.9984899759292604,286431524,0.9984899759292604
USDC,2020-06-19,1.006384015083313,0.991557002067566,0.9984899759292604,0.9992280006408693,264040919,0.9992280006408693
USDC,2020-06-20,1.0052419900894165,0.9957910180091858,0.998519003391266,1.002208948135376,264643094,1.002208948135376
USDC,2020-06-21,1.002979040145874,0.9897289872169496,1.0021450519561768,0.9961900115013124,312776437,0.9961900115013124
USDC,2020-06-22,1.0024069547653198,0.9909129738807678,0.9966509938240052,1.0019760131835938,275629670,1.0019760131835938
USDC,2020-06-23,1.006404995918274,0.9994919896125792,1.0019570589065552,1.0017549991607666,317475211,1.0017549991607666
USDC,2020-06-24,1.0060869455337524,0.9940329790115356,1.0019429922103882,1.0000619888305664,280081178,1.0000619888305664
USDC,2020-06-25,1.0073200464248655,0.9983180165290833,1.0008169412612915,0.9998390078544616,270824709,0.9998390078544616
USDC,2020-06-26,1.0107790231704712,0.9990419745445251,1.0000890493392944,1.00382399559021,262437538,1.00382399559021
USDC,2020-06-27,1.0079809427261353,0.998408019542694,1.00382399559021,1.0029109716415403,227229690,1.0029109716415403
USDC,2020-06-28,1.0113680362701416,0.9976099729537964,1.0009249448776243,0.9994040131568908,240627594,0.9994040131568908
USDC,2020-06-29,1.0074429512023926,0.997323989868164,0.99891197681427,0.9997029900550842,230378726,0.9997029900550842
USDC,2020-06-30,1.0079560279846191,0.9976029992103576,0.9999579787254332,1.0003249645233154,277293073,1.0003249645233154
USDC,2020-07-01,1.0092120170593262,0.997871994972229,0.9998329877853394,1.0057460069656372,268646941,1.0057460069656372
USDC,2020-07-02,1.0095150470733645,0.997690975666046,1.0059250593185425,1.0002379417419434,250629643,1.0002379417419434
USDC,2020-07-03,1.0095609426498413,0.9946380257606506,1.0001009702682495,0.999575972557068,230791965,0.999575972557068
USDC,2020-07-04,1.006132960319519,0.9954869747161864,0.999200999736786,0.9978169798851012,229374669,0.9978169798851012
USDC,2020-07-05,1.0045299530029297,0.9933540225028992,0.9978169798851012,0.9992070198059082,262308134,0.9992070198059082
USDC,2020-07-06,1.0043480396270752,0.9927939772605896,0.998441994190216,1.0001449584960938,251459273,1.0001449584960938
USDC,2020-07-07,1.0037130117416382,0.9982579946517944,1.0002139806747437,0.9992240071296692,338710426,0.9992240071296692
USDC,2020-07-08,1.0068210363388062,0.998308002948761,0.9992240071296692,1.003674030303955,262565337,1.003674030303955
USDC,2020-07-09,1.0060210227966309,0.9970059990882874,1.0034929513931274,0.9999300241470336,268662387,0.9999300241470336
USDC,2020-07-10,1.0038310289382937,0.9974409937858582,1.0002050399780271,1.0008219480514526,228429648,1.0008219480514526
USDC,2020-07-11,1.0031989812850952,0.9975200295448304,1.0007940530776978,0.998242974281311,247223175,0.998242974281311
USDC,2020-07-12,1.0031590461730957,0.9951279759407043,0.998242974281311,1.002431035041809,284329507,1.002431035041809
USDC,2020-07-13,1.003836989402771,0.9976879954338074,1.002431035041809,0.9988080263137816,272931352,0.9988080263137816
USDC,2020-07-14,1.0052050352096558,0.9975540041923524,0.9986820220947266,0.999521017074585,257140387,0.999521017074585
USDC,2020-07-15,1.0055910348892212,0.9985479712486268,0.9993600249290466,0.9999430179595948,278630288,0.9999430179595948
USDC,2020-07-16,1.005416989326477,0.997750997543335,0.9996690154075624,0.999219000339508,248319472,0.999219000339508
USDC,2020-07-17,1.0068459510803225,0.9970420002937316,0.999219000339508,0.9975590109825134,237728742,0.9975590109825134
USDC,2020-07-18,1.006379008293152,0.9941400289535522,0.997521996498108,0.997107982635498,239654085,0.997107982635498
USDC,2020-07-19,1.0047919750213623,0.997286021709442,0.9980000257492064,0.998830020427704,241979767,0.998830020427704
USDC,2020-07-20,1.0044130086898804,0.996163010597229,0.9989619851112366,0.99754798412323,268162461,0.99754798412323
USDC,2020-07-21,1.0052200555801392,0.9962729811668396,0.997712016105652,1.0006999969482422,275630027,1.0006999969482422
USDC,2020-07-22,1.0038139820098877,0.9962810277938844,1.000349998474121,0.9976549744606018,295608573,0.9976549744606018
USDC,2020-07-23,1.0020339488983154,0.9962350130081176,0.9978079795837402,0.9980660080909728,273580676,0.9980660080909728
USDC,2020-07-24,1.0017149448394775,0.996396005153656,0.9982280135154724,0.9978049993515016,280171826,0.9978049993515016
USDC,2020-07-25,1.0032989978790283,0.9918749928474426,0.9978780150413512,0.9974169731140136,352834293,0.9974169731140136
USDC,2020-07-26,1.0053739547729492,0.9934200048446656,0.9974250197410583,0.9985129833221436,470335314,0.9985129833221436
USDC,2020-07-27,1.004520058631897,0.9961900115013124,0.9969180226325988,0.9986090064048768,377869121,0.9986090064048768
USDC,2020-07-28,1.00769305229187,0.9972180128097534,0.9986510276794434,1.0000499486923218,344833565,1.0000499486923218
USDC,2020-07-29,1.0037590265274048,0.9980210065841676,1.000301957130432,0.9998160004615784,332715300,0.9998160004615784
USDC,2020-07-30,1.0130690336227417,0.997397005558014,0.9993680119514464,1.00648295879364,352387844,1.00648295879364
USDC,2020-07-31,1.0114320516586304,0.9932330250740052,1.00648295879364,0.9963759779930116,428788849,0.9963759779930116
USDC,2020-08-01,1.0204349756240845,0.9926350116729736,0.9965239763259888,0.9973639845848083,481496070,0.9973639845848083
USDC,2020-08-02,1.00280499458313,0.9928550124168396,0.9975129961967468,1.0000510215759275,370719446,1.0000510215759275
USDC,2020-08-03,1.0024739503860474,0.9980049729347228,1.0000059604644775,1.0000499486923218,344445344,1.0000499486923218
USDC,2020-08-04,1.0024490356445312,0.9972339868545532,1.0000300407409668,1.0001280307769775,351757028,1.0001280307769775
USDC,2020-08-05,1.0015569925308228,0.9989839792251588,0.9999110102653505,1.000236988067627,338670829,1.000236988067627
USDC,2020-08-06,1.0039550065994265,0.9985849857330322,1.0001720190048218,1.000269055366516,362226389,1.000269055366516
USDC,2020-08-07,1.0017739534378052,0.998416006565094,1.0004349946975708,0.9994279742240906,334134858,0.9994279742240906
USDC,2020-08-08,1.004457950592041,0.9978020191192628,0.9992889761924744,1.0017600059509275,326988690,1.0017600059509275
USDC,2020-08-09,1.0146100521087646,0.9979900121688844,1.00176203250885,1.002071976661682,405468663,1.002071976661682
USDC,2020-08-10,1.0064300298690796,0.9999629855155944,1.0016659498214722,1.001999020576477,421389774,1.001999020576477
USDC,2020-08-11,1.007681965827942,0.9974849820137024,1.0019559860229492,1.0041979551315308,402384827,1.0041979551315308
USDC,2020-08-15,1.002601981163025,0.994583010673523,0.99896502494812,0.9992660284042358,378056620,0.9992660284042358
USDC,2020-08-16,1.0026299953460691,0.9944220185279846,0.9992660284042358,0.9980220198631288,436462695,0.9980220198631288
USDC,2020-08-17,1.0054949522018433,0.9956669807434082,0.998166024684906,1.0013400316238403,415507652,1.0013400316238403
USDC,2020-08-18,1.0065590143203735,0.9993230104446412,1.0008130073547363,1.0015809535980225,407521488,1.0015809535980225
USDC,2020-08-19,1.001852035522461,0.9976639747619628,1.0016770362854004,0.9997199773788452,351261530,0.9997199773788452
USDC,2020-08-20,1.004328966140747,0.9976189732551576,0.9997069835662842,1.002434015274048,402846713,1.002434015274048
USDC,2020-08-21,1.0049870014190674,0.9987930059432985,1.0023020505905151,0.9999390244483948,336278907,0.9999390244483948
USDC,2020-08-22,1.0017379522323608,0.9986389875411988,1.0001620054244995,0.9994680285453796,299959710,0.9994680285453796
USDC,2020-08-23,1.0017859935760498,0.9975640177726746,0.9993990063667296,1.000630021095276,315086650,1.000630021095276
USDC,2020-08-24,1.0066959857940674,0.9999520182609558,1.0003570318222046,1.0017069578170776,336440006,1.0017069578170776
USDC,2020-08-25,1.002210021018982,0.9992480278015136,1.001791000366211,1.0013920068740845,307466693,1.0013920068740845
USDC,2020-08-26,1.002843976020813,0.999355971813202,1.0010559558868408,1.0012890100479126,319885737,1.0012890100479126
USDC,2020-08-27,1.0027389526367188,0.9998930096626282,1.0016030073165894,1.0017069578170776,330211751,1.0017069578170776
USDC,2020-08-28,1.00377094745636,1.0001089572906494,1.001482009887695,1.0026040077209473,321728690,1.0026040077209473
USDC,2020-08-29,1.0059529542922974,0.997738003730774,1.0025980472564695,1.0012550354003906,384070993,1.0012550354003906
USDC,2020-08-30,1.00558602809906,0.998134970664978,1.0007829666137695,1.0039089918136597,388657503,1.0039089918136597
USDC,2020-08-31,1.0076090097427368,0.9979559779167176,1.0036489963531494,1.0011860132217407,478155175,1.0011860132217407
USDC,2020-09-01,1.0062609910964966,0.9970710277557372,1.000507950782776,1.0001909732818604,545699500,1.0001909732818604
USDC,2020-09-02,1.0079580545425415,0.9982420206069946,1.0008349418640137,1.0030310153961182,569632814,1.0030310153961182
USDC,2020-09-03,1.010545015335083,0.997156023979187,1.004201054573059,1.0034589767456057,549725309,1.0034589767456057
USDC,2020-09-04,1.0148290395736694,1.001078963279724,1.0037569999694824,1.004732966423035,591701985,1.004732966423035
USDC,2020-09-05,1.008301019668579,0.9974690079689026,1.004732966423035,1.00108003616333,447289979,1.00108003616333
USDC,2020-09-06,1.0057929754257202,0.9992679953575134,1.0017260313034058,1.001541018486023,465106040,1.001541018486023
USDC,2020-09-07,1.0064430236816406,0.9957919716835022,1.0016299486160278,1.0034940242767334,437692971,1.0034940242767334
USDC,2020-09-08,1.004899024963379,0.999580979347229,1.003620982170105,1.001889944076538,453341080,1.001889944076538
USDC,2020-09-09,1.011409044265747,0.9981319904327391,1.0020489692687988,1.0027409791946411,430412791,1.0027409791946411
USDC,2020-09-21,1.0024759769439695,0.9993420243263244,1.0019309520721436,1.0002599954605105,343552519,1.0002599954605105
USDC,2020-09-22,1.0211730003356934,0.9983199834823608,1.0002540349960327,1.0024429559707642,434798204,1.0024429559707642
USDC,2020-09-23,1.0030800104141235,0.9976059794425964,1.002243995666504,0.9992499947547911,388570932,0.9992499947547911
USDC,2020-09-24,1.0020699501037598,0.9989699721336364,0.999222993850708,1.000630021095276,374567463,1.000630021095276
USDC,2020-09-25,1.0062010288238523,0.9992480278015136,1.0004489421844482,1.0026119947433472,315376387,1.0026119947433472
USDC,2020-09-26,1.0028539896011353,0.9994860291481018,1.002588987350464,1.0009260177612305,306413743,1.0009260177612305
USDC,2020-09-27,1.0025089979171753,0.9990350008010864,1.0009260177612305,1.0018329620361328,324737546,1.0018329620361328
USDC,2020-09-28,1.0036699771881104,1.0004589557647705,1.0016599893569946,1.00212299823761,340799156,1.00212299823761
USDC,2020-09-29,1.0043410062789917,1.0004969835281372,1.0020159482955933,1.0010850429534912,336365071,1.0010850429534912
USDC,2020-09-30,1.008523941040039,0.9999960064888,1.001039981842041,1.0024629831314087,423172879,1.0024629831314087
USDC,2020-10-04,1.0034159421920776,0.999215006828308,1.0003700256347656,1.0019789934158323,310151955,1.0019789934158323
USDC,2020-10-05,1.0074700117111206,1.0002039670944214,1.002007007598877,1.0048010349273682,390051635,1.0048010349273682
USDC,2020-10-06,1.005295991897583,0.9992619752883912,1.0050300359725952,1.0013409852981567,340361898,1.0013409852981567
USDC,2020-10-07,1.0096149444580078,1.000182032585144,1.0012110471725464,1.0008920431137085,366302318,1.0008920431137085
USDC,2020-10-09,1.000797986984253,1.000182032585144,1.0004069805145264,1.0002909898757937,427180195,1.0002909898757937
USDC,2020-10-10,1.0008389949798584,1.0002219676971436,1.0002909898757937,1.00075101852417,403861256,1.00075101852417
USDC,2020-10-13,1.0010230541229248,1.000229001045227,1.0004299879074097,1.000802993774414,409435371,1.000802993774414
USDC,2020-10-14,1.0011940002441406,1.0000970363616943,1.000864028930664,1.0004520416259766,391984913,1.0004520416259766
USDC,2020-10-15,1.001641035079956,1.000269055366516,1.000424027442932,1.000643014907837,395543365,1.000643014907837
USDC,2020-10-16,1.0009700059890747,1.000236988067627,1.0004470348358154,1.0004440546035769,333120960,1.0004440546035769
USDC,2020-10-17,1.0008080005645752,1.0001699924468994,1.0004080533981323,1.000430941581726,307862058,1.000430941581726
USDC,2020-10-18,1.000931978225708,1.000270962715149,1.0003219842910769,1.0006380081176758,413360977,1.0006380081176758
USDC,2020-10-19,1.0006920099258425,1.0002249479293823,1.00041401386261,1.0004390478134155,465386778,1.0004390478134155
USDC,2020-10-20,1.0008679628372192,0.9989240169525146,1.000430941581726,0.9999560117721558,604292164,0.9999560117721558
USDC,2020-10-21,1.000288009643555,0.9997010231018066,0.9999769926071168,0.9999930262565612,576937506,0.9999930262565612
USDC,2020-10-22,1.0007179975509644,0.999800980091095,1.0000180006027222,1.0003130435943604,437724211,1.0003130435943604
USDC,2020-10-23,1.0010379552841189,0.9998660087585448,1.0003130435943604,0.9999279975891112,398566286,0.9999279975891112
USDC,2020-10-24,1.000430941581726,0.9997959733009338,0.9999279975891112,1.000195026397705,402083347,1.000195026397705
USDC,2020-10-26,1.000507950782776,0.9978370070457458,1.000195026397705,1.000175952911377,-2147483648,1.000175952911377
USDC,2020-10-27,1.0005420446395874,0.9996060132980348,1.000175952911377,0.9999949932098388,458104673,0.9999949932098388
USDC,2020-12-08,1.0008649826049805,0.9997209906578064,1.0000079870224,1.0001020431518557,624652067,1.0001020431518557
USDC,2020-12-09,1.00894296169281,0.9999020099639891,1.0001020431518557,1.0007890462875366,661526815,1.0007890462875366
USDC,2020-12-10,1.0009080171585083,0.9999200105667114,1.0007519721984863,1.0000460147857666,386067664,1.0000460147857666
USDC,2020-12-11,1.0013660192489624,0.997871994972229,1.0000460147857666,0.9999930262565612,575419053,0.9999930262565612
USDC,2020-12-12,1.00061297416687,0.9943339824676514,0.9999930262565612,1.0000009536743164,372750751,1.0000009536743164
USDC,2020-12-13,1.000517964363098,0.99958997964859,1.0000009536743164,0.999888002872467,544392773,0.999888002872467
USDC,2020-12-14,1.0004440546035769,0.9998000264167786,0.999888002872467,0.9999719858169556,511228529,0.9999719858169556
USDC,2020-12-15,1.0004500150680542,0.9998660087585448,1.000072956085205,1.0002319812774658,558700049,1.0002319812774658
USDC,2020-12-16,1.0006810426712036,0.9993680119514464,1.0001749992370603,0.9998660087585448,777969586,0.9998660087585448
USDC,2020-12-17,1.0001709461212158,0.9984490275382996,0.9998019933700562,0.9998289942741394,1292144145,0.9998289942741394
USDC,2020-12-18,1.00027596950531,0.999646008014679,0.999763011932373,0.999897003173828,794460442,0.999897003173828
USDC,2020-12-19,1.0002859830856323,0.9996399879455566,0.999897003173828,0.9999600052833556,749344674,0.9999600052833556
USDC,2020-12-20,1.0001300573349,0.9997190237045288,0.9999600052833556,0.9998930096626282,730501642,0.9998930096626282
USDC,2020-12-21,1.0003279447555542,0.9989839792251588,0.9998930096626282,0.9998660087585448,835998783,0.9998660087585448
USDC,2020-12-22,1.001750946044922,0.99959397315979,0.9998660087585448,0.9999709725379944,1004407433,0.9999709725379944
USDC,2020-12-23,1.000872015953064,0.9996780157089232,0.9999709725379944,0.9999390244483948,994946010,0.9999390244483948
USDC,2020-12-24,1.0003050565719604,0.9994779825210572,0.9999079704284668,1.000074028968811,822668329,1.000074028968811
USDC,2020-12-25,1.000404953956604,0.9996899962425232,1.000148057937622,1.000190019607544,768443745,1.000190019607544
USDC,2020-12-26,1.0004760026931765,0.9993489980697632,1.000190019607544,0.9997329711914062,837782777,0.9997329711914062
USDC,2020-12-27,1.0002210140228271,0.9921770095825196,0.9998030066490172,1.0000790357589722,1168083151,1.0000790357589722
USDC,2020-12-28,1.0003550052642822,0.999504029750824,1.0000790357589722,1.0001009702682495,1037472251,1.0001009702682495
USDC,2020-12-29,1.0010930299758911,0.9986159801483154,1.0001009702682495,0.999978005886078,1102774805,0.999978005886078
USDC,2020-12-30,1.000455021858215,0.9994440078735352,1.000046968460083,1.000010967254639,1158073232,1.000010967254639
USDC,2020-12-31,1.0004069805145264,0.9995070099830629,1.000010967254639,0.9998070001602172,1099562416,0.9998070001602172
USDC,2021-01-01,1.000290036201477,0.999541997909546,0.9998070001602172,0.9998229742050172,944050095,0.9998229742050172
USDC,2021-01-02,1.000324010848999,0.9970970153808594,0.9998959898948668,1.0001620054244995,1679209330,1.0001620054244995
USDC,2021-01-03,1.0006099939346311,0.9984049797058104,1.0001670122146606,0.9997360110282898,1828596899,0.9997360110282898
USDC,2021-01-04,1.000491976737976,0.9987509846687316,0.9996240139007568,0.9993720054626464,-2147483648,0.9993720054626464
USDC,2021-01-05,1.000269055366516,0.9987069964408876,0.9994249939918518,0.9997490048408508,1662321027,0.9997490048408508
USDC,2021-01-06,1.000082015991211,0.9978709816932678,0.9997490048408508,0.999680995941162,1791474728,0.999680995941162
USDC,2021-01-07,1.000319004058838,0.9976540207862854,0.999680995941162,0.9979119896888732,-2147483648,0.9979119896888732
USDC,2021-01-08,1.0022449493408203,0.9979079961776732,0.9979100227355956,0.9996839761734008,-2147483648,0.9996839761734008
USDC,2021-01-09,1.0007820129394531,0.9993240237236024,0.9996839761734008,0.9997770190238952,1553771951,0.9997770190238952
USDC,2021-01-10,1.0013489723205566,0.9994419813156128,0.9998369812965392,1.0000900030136108,1917152178,1.0000900030136108
USDC,2021-01-11,1.003255009651184,0.9998340010643004,1.0000900030136108,0.9999510049819946,-2147483648,0.9999510049819946
USDC,2021-01-12,1.0010360479354858,0.999459981918335,0.9999629855155944,1.0005979537963867,1934826250,1.0005979537963867
USDC,2021-01-13,1.0019830465316772,0.9995099902153016,1.0005979537963867,0.9998109936714172,1739625823,0.9998109936714172
USDC,2021-01-14,1.0006450414657593,0.9993759989738464,0.999809980392456,1.0001150369644165,1810728488,1.0001150369644165
USDC,2021-01-15,1.0007840394973757,0.999642014503479,1.000116944313049,1.0000849962234497,1630000401,1.0000849962234497
USDC,2021-01-16,1.0009549856185913,0.9996880292892456,1.000085949897766,1.000133991241455,1671304227,1.000133991241455
USDC,2021-01-17,1.0004980564117432,0.999849021434784,1.000133991241455,1.000455021858215,1463914697,1.000455021858215
USDC,2021-01-18,1.0008059740066528,1.0000200271606443,1.0004680156707764,1.000566005706787,1412016575,1.000566005706787
USDC,2021-01-19,1.0018099546432495,0.9999679923057556,1.000566005706787,1.0000410079956057,2019188111,1.0000410079956057
USDC,2021-01-20,1.0003290176391602,0.999508023262024,0.9999920129776,0.9999769926071168,1814079623,0.9999769926071168
USDC,2021-01-21,1.0007810592651367,0.9997100234031676,0.9999769926071168,1.000419020652771,1853154939,1.000419020652771
USDC,2021-01-22,1.0012290477752686,0.9997739791870116,1.000419020652771,1.0002750158309937,-2147483648,1.0002750158309937
USDC,2021-01-23,1.0003540515899658,0.9998940229415894,1.000277042388916,1.0000059604644775,1287925958,1.0000059604644775
USDC,2021-01-24,1.001350998878479,0.9997559785842896,1.0000059604644775,1.0001620054244995,1335242694,1.0001620054244995
USDC,2021-01-25,1.0005309581756592,0.9999150037765504,1.0002000331878662,1.0000439882278442,1637162641,1.0000439882278442
USDC,2021-01-26,1.0007150173187256,0.9999150037765504,1.0000439882278442,1.0000699758529663,1584592377,1.0000699758529663
USDC,2021-01-27,1.0018819570541382,0.9993540048599244,1.0000699758529663,1.0000180006027222,1674268317,1.0000180006027222
USDC,2021-01-28,1.0002609491348269,0.9994620084762572,1.0000040531158447,1.000087022781372,1710423763,1.000087022781372
USDC,2021-01-29,1.000838041305542,0.9984710216522216,0.9989060163497924,0.9999709725379944,-2147483648,0.9999709725379944
USDC,2021-01-30,1.000359058380127,0.9997220039367676,0.9999330043792723,1.000025987625122,1443344471,1.000025987625122
USDC,2021-01-31,1.0002319812774658,0.9995819926261902,0.9999600052833556,0.9999610185623168,1245897595,0.9999610185623168
USDC,2021-02-01,1.0001859664916992,0.9991809725761414,1.0000710487365725,0.9999459981918336,1456048772,0.9999459981918336
USDC,2021-02-02,1.0007339715957642,0.9994069933891296,0.9998859763145448,1.0004210472106934,1750372396,1.0004210472106934
USDC,2021-02-03,1.0009469985961914,0.9995489716529846,1.0004210472106934,0.9997509717941284,1827257483,0.9997509717941284
USDC,2021-02-04,1.0000890493392944,0.9993020296096802,0.9997929930686952,0.9997410178184508,1864772386,0.9997410178184508
USDC,2021-02-05,1.000599026679993,0.9983189702033995,0.9997950196266174,0.9999449849128724,1722650454,0.9999449849128724
USDC,2021-02-06,1.000378966331482,0.9995250105857848,0.9999449849128724,0.9999970197677612,1802646232,0.9999970197677612
USDC,2021-02-07,1.0001440048217771,0.9996240139007568,0.9999840259552002,0.9998859763145448,1416867095,0.9998859763145448
USDC,2021-02-08,1.0004220008850098,0.9982479810714722,0.9998350143432616,0.999796986579895,1791932105,0.999796986579895
USDC,2021-02-09,1.0022079944610596,0.9992750287055968,0.999796986579895,1.000040054321289,1689656162,1.000040054321289
USDC,2021-02-10,1.002349019050598,0.9995239973068236,1.000040054321289,1.0000170469284058,-2147483648,1.0000170469284058
USDC,2021-02-11,1.0009419918060305,0.9994459748268129,1.0000540018081665,0.9998440146446228,2045704986,0.9998440146446228
USDC,2021-02-12,1.0003830194473269,0.999413013458252,0.999858021736145,0.9998239874839784,-2147483648,0.9998239874839784
USDC,2021-02-13,1.0001449584960938,0.99959397315979,0.9998239874839784,0.9998610019683838,-2147483648,0.9998610019683838
USDC,2021-02-14,1.0005639791488647,0.999675989151001,0.9998599886894226,1.0000250339508057,1913316177,1.0000250339508057
USDC,2021-02-15,1.0011860132217407,0.9996820092201232,1.000025987625122,1.000038981437683,-2147483648,1.000038981437683
USDC,2021-02-16,1.000269055366516,0.9998180270195008,1.000038981437683,1.0001139640808103,2062438717,1.0001139640808103
USDC,2021-02-17,1.0010440349578855,0.999688982963562,1.0000569820404053,0.9998409748077391,2132590491,0.9998409748077391
USDC,2021-02-18,1.0002989768981934,0.9997990131378174,0.9998000264167786,1.0000460147857666,2094266690,1.0000460147857666
USDC,2021-02-19,1.0006330013275146,0.9997699856758118,1.0001070499420166,1.0000510215759275,-2147483648,1.0000510215759275
USDC,2021-02-20,1.0001499652862549,0.999559998512268,1.0000510215759275,0.9998520016670228,-2147483648,0.9998520016670228
USDC,2021-02-21,1.0002559423446655,0.99972802400589,0.9998540282249452,0.9999449849128724,1945631587,0.9999449849128724
USDC,2021-02-22,1.001917004585266,0.9981840252876282,0.9999369978904724,1.000074028968811,-2147483648,1.000074028968811
USDC,2021-02-23,1.0017019510269165,0.9996579885482788,1.000020980834961,1.0002210140228271,-2147483648,1.0002210140228271
USDC,2021-02-24,1.0033680200576782,0.9998239874839784,1.0000189542770386,1.000229001045227,-2147483648,1.000229001045227
USDC,2021-02-25,1.0007100105285645,0.9999589920043944,1.0002199411392212,1.000072002410889,-2147483648,1.000072002410889
USDC,2021-02-26,1.000473976135254,0.9997090101242064,1.0001529455184937,0.9999859929084778,-2147483648,0.9999859929084778
USDC,2021-02-27,1.0002039670944214,0.9997900128364564,0.9999729990959167,1.0000309944152832,1776838289,1.0000309944152832
USDC,2021-02-28,1.0010069608688354,0.9999420046806335,1.000095009803772,1.0002959966659546,-2147483648,1.0002959966659546
USDC,2021-03-01,1.0006020069122314,0.999625027179718,1.0002659559249878,0.9997569918632508,1740798094,0.9997569918632508
USDC,2021-03-02,1.000432014465332,0.9996079802513124,0.9997680187225342,1.0000779628753662,1949254169,1.0000779628753662
USDC,2021-03-03,1.000578999519348,0.9998199939727784,1.0000779628753662,1.0000020265579224,1905564606,1.0000020265579224
USDC,2021-03-04,1.0004010200500488,0.9998940229415894,1.0000020265579224,1.000162959098816,1665593866,1.000162959098816
USDC,2021-03-05,1.001196026802063,1.0000309944152832,1.000162959098816,1.000277042388916,1973917285,1.000277042388916
USDC,2021-03-06,1.0009759664535522,0.999450981616974,1.0004839897155762,0.9998810291290284,1275477009,0.9998810291290284
USDC,2021-03-07,1.0003750324249268,0.9997310042381288,0.9998810291290284,0.9999939799308776,1215837774,0.9999939799308776
USDC,2021-03-08,1.0015259981155396,0.9998890161514282,0.9999529719352722,0.9999840259552002,1441044445,0.9999840259552002
USDC,2021-03-09,1.0028610229492188,0.9999579787254332,0.9999840259552002,1.000074028968811,1683029544,1.000074028968811
USDC,2021-03-10,1.000939965248108,0.9999189972877502,1.0001389980316162,1.000051975250244,1751024086,1.000051975250244
USDC,2021-03-11,1.0008039474487305,0.999805986881256,1.0000040531158447,1.000128984451294,1487841641,1.000128984451294
USDC,2021-03-12,1.0008820295333862,0.9997940063476562,1.000141978263855,1.000174045562744,1612404621,1.000174045562744
USDC,2021-03-13,1.0007100105285645,0.9998779892921448,1.000174045562744,1.0002319812774658,2044348842,1.0002319812774658
USDC,2021-03-14,1.000216007232666,0.9998070001602172,1.000128984451294,0.9999979734420776,1544999695,0.9999979734420776
USDC,2021-03-15,1.000898003578186,0.999297022819519,0.9999279975891112,1.0000840425491333,1927366887,1.0000840425491333
USDC,2021-03-16,1.000362992286682,0.999550998210907,1.0000840425491333,0.9999939799308776,1868824949,0.9999939799308776
USDC,2021-03-17,1.0020970106124878,0.998665988445282,0.9999939799308776,0.9989020228385924,1782793504,0.9989020228385924
USDC,2021-03-18,1.001451015472412,0.9986969828605652,0.9988570213317872,1.0009939670562744,1525693757,1.0009939670562744
USDC,2021-03-19,1.0039819478988647,1.0003230571746826,1.000952959060669,1.002437949180603,1472879184,1.002437949180603
USDC,2021-03-20,1.0039260387420654,1.00130295753479,1.0024349689483645,1.0021510124206543,1191670789,1.0021510124206543
USDC,2021-03-21,1.002571940422058,0.9992809891700744,1.0020910501480105,1.0009620189666748,1265098606,1.0009620189666748
USDC,2021-03-22,1.0039889812469482,0.9990890026092528,1.0009889602661133,1.0013099908828735,1380781628,1.0013099908828735
USDC,2021-03-23,1.0020250082015991,1.0002460479736328,1.0013450384140017,1.0008039474487305,1511795325,1.0008039474487305
USDC,2021-03-24,1.0023130178451538,0.9998610019683838,1.000938057899475,1.001554012298584,1916803425,1.001554012298584
USDC,2021-03-25,1.0015389919281006,1.0001260042190552,1.0014909505844116,1.000830054283142,1646557726,1.000830054283142
USDC,2021-03-26,1.0021799802780151,0.9993370175361632,1.0007649660110474,1.0008009672164917,1591672366,1.0008009672164917
USDC,2021-03-27,1.0017139911651611,0.9997569918632508,1.0007009506225586,1.0002739429473877,1340283946,1.0002739429473877
USDC,2021-03-28,1.000857949256897,0.999360978603363,1.0008020401000977,1.0000239610671997,1535871374,1.0000239610671997
USDC,2021-03-28,1.002539038658142,1.0000070333480835,1.00028395652771,1.0007920265197754,1294220918,1.0007920265197754
USDC,2021-03-29,1.000946044921875,0.9993159770965576,1.0000289678573608,1.0005580186843872,1506313602,1.0005580186843872
USDC,2021-03-30,1.0019140243530271,0.9991809725761414,1.000588059425354,0.9996050000190736,1589845937,0.9996050000190736
USDC,2021-03-31,1.0012249946594238,0.999413013458252,0.9996910095214844,1.0008690357208252,1515653266,1.0008690357208252
USDC,2021-04-01,1.00198495388031,0.9989759922027588,1.000704050064087,1.000349998474121,1645041684,1.000349998474121
USDC,2021-04-02,1.0028640031814575,0.9980999827384948,1.0002930164337158,1.0027910470962524,1521294666,1.0027910470962524
USDC,2021-04-03,1.011098027229309,1.0009269714355469,1.002722978591919,1.0029569864273071,1205342903,1.0029569864273071
USDC,2021-04-04,1.0043439865112305,0.9998300075531006,1.0030579566955566,1.0000449419021606,1398732746,1.0000449419021606
USDC,2021-04-05,1.0018930435180664,0.9994829893112184,1.000143051147461,1.0014230012893677,1519196566,1.0014230012893677
USDC,2021-04-06,1.002540946006775,1.000797986984253,1.001469969749451,1.0022369623184204,1821911304,1.0022369623184204
USDC,2021-04-07,1.002403974533081,1.0000120401382446,1.0023280382156372,1.0002399682998655,1443171575,1.0002399682998655
USDC,2021-04-08,1.001675009727478,1.000203013420105,1.000203013420105,1.001492977142334,1140401440,1.001492977142334
USDC,2021-04-09,1.0024980306625366,0.9982489943504332,1.0015109777450562,1.0005910396575928,1642749490,1.0005910396575928
USDC,2021-04-10,1.0030970573425293,0.9995779991149902,1.0005940198898315,1.002869963645935,1336026255,1.002869963645935
USDC,2021-04-11,1.002756953239441,0.9998419880867004,1.002756953239441,1.000370979309082,1582588399,1.000370979309082
USDC,2021-04-12,1.00114905834198,0.999176025390625,1.0003730058670044,0.999455988407135,1943769751,0.999455988407135
USDC,2021-04-13,1.0026530027389526,0.9992579817771912,0.999422013759613,1.0014359951019287,-2147483648,1.0014359951019287
USDC,2021-04-14,1.0030510425567627,0.9999629855155944,1.0014690160751345,1.0003260374069214,1888693157,1.0003260374069214
USDC,2021-04-15,1.0026010274887085,0.999417006969452,1.000229001045227,1.0010329484939575,-2147483648,1.0010329484939575
USDC,2021-04-16,1.010725021362305,0.998768985271454,1.00103497505188,1.0104960203170776,2143517952,1.0104960203170776
USDC,2021-04-17,1.0265289545059204,0.9998000264167786,1.0105719566345217,1.000095009803772,-2147483648,1.000095009803772
USDC,2021-04-18,1.0002000331878662,0.9998000264167786,1.000141978263855,0.9999669790267944,-2147483648,0.9999669790267944
USDC,2021-04-19,1.0002000331878662,0.9998000264167786,1.0001150369644165,1.0000540018081665,-2147483648,1.0000540018081665
USDC,2021-04-20,1.0002000331878662,0.9998000264167786,1.000148057937622,1.000133991241455,-2147483648,1.000133991241455
USDC,2021-04-21,1.0002000331878662,0.9998000264167786,0.999805986881256,1.0000280141830444,-2147483648,1.0000280141830444
USDC,2021-04-22,1.0001989603042605,0.9998000264167786,1.0001579523086548,0.999978005886078,-2147483648,0.999978005886078
USDC,2021-04-23,1.0002000331878662,0.9998000264167786,0.9999690055847168,1.0000649690628052,1788061914,1.0000649690628052
USDC,2021-04-24,1.0002000331878662,0.9998000264167786,1.0001729726791382,1.0001790523529053,1642128335,1.0001790523529053
USDC,2021-04-25,1.0002000331878662,0.999800980091095,1.0001569986343384,0.999987006187439,-2147483648,0.999987006187439
USDC,2021-04-26,1.0002000331878662,0.9998000264167786,1.000025987625122,0.99992698431015,2024246696,0.99992698431015
USDC,2021-04-27,1.0002000331878662,0.9998000264167786,0.9999629855155944,1.0001989603042605,2010047371,1.0001989603042605
USDC,2021-04-28,1.0002000331878662,0.9998000264167786,1.0000779628753662,1.0001440048217771,1840352705,1.0001440048217771
USDC,2021-04-29,1.0001989603042605,0.9998000264167786,1.0000189542770386,0.9998239874839784,1906112907,0.9998239874839784
USDC,2021-04-30,1.0002000331878662,0.999800980091095,0.9998070001602172,1.0001540184020996,1867976129,1.0001540184020996
USDC,2021-05-01,1.0002000331878662,0.999800980091095,1.0001109838485718,0.9999489784240724,1366986801,0.9999489784240724
USDC,2021-05-02,1.0002000331878662,0.9998000264167786,0.9999759793281556,1.0001039505004885,-2147483648,1.0001039505004885
USDC,2021-05-03,1.0002000331878662,0.999800980091095,1.0001380443572998,1.000195026397705,-2147483648,1.000195026397705
USDC,2021-05-04,1.0002000331878662,0.9998000264167786,0.9999390244483948,1.0001180171966553,-2147483648,1.0001180171966553
USDC,2021-05-05,1.0002000331878662,0.9998000264167786,0.9998170137405396,1.000054955482483,-2147483648,1.000054955482483
USDC,2021-05-06,1.0002000331878662,0.9998000264167786,1.000048041343689,1.0000770092010498,-2147483648,1.0000770092010498
USDC,2021-05-07,1.0002000331878662,0.9998000264167786,1.000022053718567,1.000033974647522,-2147483648,1.000033974647522
USDC,2021-05-08,1.0002000331878662,0.999800980091095,0.9998220205307008,1.000051975250244,-2147483648,1.000051975250244
USDC,2021-05-09,1.0002000331878662,0.9998000264167786,0.9999369978904724,1.0000170469284058,-2147483648,1.0000170469284058
USDC,2021-05-10,1.0002000331878662,0.9998000264167786,0.9998360276222228,1.0001670122146606,-2147483648,1.0001670122146606
USDC,2021-05-11,1.0002000331878662,0.9998000264167786,0.9999340176582336,1.0000970363616943,-2147483648,1.0000970363616943
USDC,2021-05-12,1.0002000331878662,0.9998000264167786,0.9998070001602172,0.9998239874839784,-2147483648,0.9998239874839784
USDC,2021-05-13,1.0001989603042605,0.9998000264167786,0.9998840093612672,0.9999619722366332,-2147483648,0.9999619722366332
USDC,2021-05-14,1.0002000331878662,0.9998000264167786,0.9999529719352722,1.0000900030136108,-2147483648,1.0000900030136108
USDC,2021-05-15,1.0002000331878662,0.9998000264167786,0.9998400211334229,1.000154972076416,-2147483648,1.000154972076416
USDC,2021-05-16,1.0002000331878662,0.9998000264167786,0.9998559951782228,1.000100016593933,-2147483648,1.000100016593933
USDC,2021-05-17,1.0011680126190186,0.9995710253715516,1.0001599788665771,1.0000180006027222,-2147483648,1.0000180006027222
USDC,2021-05-18,1.0018240213394165,0.9980549812316896,1.0000380277633667,0.999925971031189,-2147483648,0.999925971031189
USDC,2021-05-19,1.0010299682617188,0.9996770024299622,0.9998499751091005,0.9998800158500672,-2147483648,0.9998800158500672
USDC,2021-05-20,1.0017659664154053,0.9996479749679564,0.9998679757118224,1.0004169940948486,-2147483648,1.0004169940948486
USDC,2021-05-21,1.0010679960250854,0.999888002872467,1.0006070137023926,1.0008070468902588,-2147483648,1.0008070468902588
USDC,2021-05-22,1.001682996749878,1.0000040531158447,1.0007619857788086,1.0004220008850098,-2147483648,1.0004220008850098
USDC,2021-05-23,1.0007059574127195,0.9997259974479676,1.0004620552062988,1.0002870559692385,-2147483648,1.0002870559692385
USDC,2021-05-24,1.0006699562072754,0.999776005744934,1.000324010848999,0.9999300241470336,-2147483648,0.9999300241470336
USDC,2021-05-25,1.0009050369262695,0.9997100234031676,0.999916970729828,1.000417947769165,-2147483648,1.000417947769165
USDC,2021-05-26,1.000931978225708,0.9998599886894226,1.0003889799118042,1.0002490282058716,1971138940,1.0002490282058716
USDC,2021-05-27,1.000767946243286,0.999862015247345,1.000251054763794,1.0001959800720217,-2147483648,1.0001959800720217
USDC,2021-05-28,1.0008809566497805,0.999800980091095,1.0001440048217771,0.999900996685028,-2147483648,0.999900996685028
USDC,2021-05-29,1.0002360343933103,0.9990929961204528,0.9998949766159058,0.9994980096817015,-2147483648,0.9994980096817015
USDC,2021-05-30,1.0006970167160034,0.9993910193443298,0.999559998512268,1.000264048576355,-2147483648,1.000264048576355
USDC,2021-05-31,1.0007380247116089,0.9997829794883728,1.0002830028533936,1.0000250339508057,1999280287,1.0000250339508057
