Date,Open*,High,Low,Close**,Volume,Market Cap
9-Jun-21,$23.44 ,$25.23 ,$22.27 ,$25.13 ,"$697,734,988 ","$14,451,165,014 "
8-Jun-21,$24.28 ,$24.62 ,$20.74 ,$23.53 ,"$583,658,979 ","$13,532,527,083 "
7-Jun-21,$25.90 ,$27.34 ,$24.01 ,$24.20 ,"$479,599,704 ","$13,669,613,802 "
6-Jun-21,$25.65 ,$26.44 ,$25.42 ,$25.91 ,"$333,386,144 ","$14,639,766,965 "
5-Jun-21,$26.46 ,$27.68 ,$25.23 ,$25.61 ,"$448,910,761 ","$14,467,273,503 "
4-Jun-21,$28.68 ,$28.68 ,$25.15 ,$26.44 ,"$603,761,573 ","$14,939,106,881 "
3-Jun-21,$27.64 ,$29.36 ,$26.95 ,$28.63 ,"$541,834,896 ","$16,174,756,433 "
2-Jun-21,$27.41 ,$28.80 ,$26.38 ,$27.63 ,"$558,113,727 ","$15,632,142,982 "
1-Jun-21,$28.27 ,$28.72 ,$26.01 ,$27.40 ,"$753,430,864 ","$15,498,319,589 "
31-May-21,$25.72 ,$28.40 ,$23.46 ,$28.37 ,"$1,058,080,597 ","$16,049,165,498 "
30-May-21,$23.18 ,$26.56 ,$21.78 ,$25.74 ,"$782,067,312 ","$14,562,759,376 "
29-May-21,$25.90 ,$27.53 ,$21.85 ,$23.18 ,"$817,413,607 ","$13,112,600,565 "
28-May-21,$28.47 ,$29.40 ,$24.98 ,$25.92 ,"$1,076,488,584 ","$14,665,351,852 "
27-May-21,$29.45 ,$29.90 ,$26.22 ,$28.37 ,"$999,766,482 ","$16,048,671,760 "
26-May-21,$25.16 ,$29.37 ,$24.61 ,$29.37 ,"$1,071,924,820 ","$16,612,979,709 "
25-May-21,$24.66 ,$26.66 ,$21.62 ,$25.20 ,"$1,386,905,999 ","$14,251,999,516 "
24-May-21,$16.74 ,$25.13 ,$16.57 ,$24.63 ,"$1,526,035,442 ","$13,930,831,718 "
23-May-21,$20.38 ,$21.30 ,$13.09 ,$16.84 ,"$1,320,921,899 ","$9,523,322,177 "
22-May-21,$21.96 ,$22.36 ,$18.51 ,$20.38 ,"$791,748,160 ","$11,529,596,763 "
21-May-21,$26.36 ,$27.95 ,$18.90 ,$21.90 ,"$1,076,267,674 ","$12,370,229,171 "
20-May-21,$23.16 ,$28.45 ,$20.11 ,$26.39 ,"$1,338,078,607 ","$14,907,921,550 "
19-May-21,$35.07 ,$35.49 ,$16.67 ,$23.43 ,"$2,241,014,905 ","$13,232,347,122 "
18-May-21,$33.25 ,$36.58 ,$33.03 ,$35.07 ,"$842,688,704 ","$19,626,879,067 "
17-May-21,$36.56 ,$36.56 ,$32.01 ,$33.29 ,"$974,771,404 ","$18,627,184,854 "
16-May-21,$36.55 ,$39.38 ,$34.54 ,$36.56 ,"$822,738,819 ","$20,459,744,565 "
15-May-21,$40.40 ,$42.37 ,$36.58 ,$36.58 ,"$1,049,908,753 ","$20,468,517,878 "
14-May-21,$37.34 ,$40.83 ,$37.16 ,$40.33 ,"$804,342,782 ","$22,565,343,611 "
13-May-21,$36.96 ,$40.27 ,$34.48 ,$37.37 ,"$1,409,570,978 ","$20,910,665,137 "
12-May-21,$38.52 ,$44.00 ,$36.04 ,$36.04 ,"$1,851,746,863 ","$20,165,651,659 "
11-May-21,$36.35 ,$38.51 ,$35.50 ,$38.49 ,"$705,090,608 ","$20,145,048,858 "
10-May-21,$39.42 ,$41.13 ,$33.60 ,$36.39 ,"$952,681,487 ","$19,044,881,038 "
9-May-21,$40.47 ,$40.70 ,$38.24 ,$39.43 ,"$663,372,004 ","$20,637,058,035 "
8-May-21,$39.76 ,$41.23 ,$39.19 ,$40.41 ,"$743,543,345 ","$21,148,433,286 "
7-May-21,$40.23 ,$41.21 ,$38.34 ,$39.78 ,"$993,781,915 ","$20,821,823,128 "
6-May-21,$42.44 ,$42.50 ,$39.98 ,$40.22 ,"$1,165,197,475 ","$21,050,622,369 "
5-May-21,$43.08 ,$44.90 ,$41.58 ,$42.50 ,"$1,469,755,008 ","$22,241,834,864 "
4-May-21,$42.29 ,$44.56 ,$39.97 ,$43.16 ,"$1,714,504,137 ","$22,591,622,401 "
3-May-21,$42.56 ,$44.97 ,$41.33 ,$42.32 ,"$1,178,971,606 ","$22,148,327,831 "
2-May-21,$40.33 ,$43.24 ,$39.34 ,$42.33 ,"$1,047,562,019 ","$22,153,449,417 "
1-May-21,$40.64 ,$41.25 ,$39.25 ,$40.20 ,"$747,988,502 ","$21,039,928,451 "
30-Apr-21,$41.04 ,$41.33 ,$39.17 ,$40.70 ,"$1,014,223,950 ","$21,300,516,809 "
29-Apr-21,$42.85 ,$43.89 ,$39.66 ,$41.03 ,"$1,081,575,233 ","$21,476,091,904 "
28-Apr-21,$39.63 ,$42.91 ,$37.79 ,$42.80 ,"$1,657,342,891 ","$22,402,526,994 "
27-Apr-21,$38.19 ,$40.47 ,$37.35 ,$39.61 ,"$1,159,853,793 ","$20,733,726,461 "
26-Apr-21,$34.34 ,$38.45 ,$34.17 ,$37.95 ,"$1,159,890,689 ","$19,860,031,140 "
25-Apr-21,$30.13 ,$34.74 ,$30.04 ,$33.89 ,"$1,068,206,314 ","$17,736,838,128 "
24-Apr-21,$32.94 ,$32.94 ,$29.97 ,$30.12 ,"$636,577,406 ","$15,762,155,172 "
23-Apr-21,$34.00 ,$34.78 ,$29.85 ,$32.88 ,"$1,631,826,790 ","$17,209,759,302 "
22-Apr-21,$33.42 ,$38.39 ,$32.79 ,$34.13 ,"$2,169,942,710 ","$17,863,796,138 "
21-Apr-21,$31.98 ,$36.43 ,$30.56 ,$33.60 ,"$1,456,435,098 ","$17,587,839,868 "
20-Apr-21,$31.39 ,$32.23 ,$28.40 ,$31.96 ,"$921,466,440 ","$16,729,068,566 "
19-Apr-21,$31.63 ,$32.69 ,$29.47 ,$31.45 ,"$847,494,415 ","$16,458,430,039 "
18-Apr-21,$35.15 ,$35.46 ,$27.69 ,$31.75 ,"$1,446,701,095 ","$16,615,561,412 "
17-Apr-21,$36.23 ,$37.56 ,$34.93 ,$35.10 ,"$653,849,649 ","$18,368,470,726 "
16-Apr-21,$37.76 ,$38.20 ,$34.41 ,$36.28 ,"$977,289,792 ","$18,988,246,867 "
15-Apr-21,$36.14 ,$39.52 ,$35.70 ,$37.85 ,"$1,267,323,240 ","$19,809,286,775 "
14-Apr-21,$35.40 ,$36.78 ,$33.39 ,$36.15 ,"$1,060,830,034 ","$18,920,565,234 "
13-Apr-21,$36.68 ,$37.13 ,$34.31 ,$35.32 ,"$1,201,797,905 ","$18,486,374,483 "
12-Apr-21,$29.97 ,$38.13 ,$29.61 ,$36.75 ,"$2,185,144,995 ","$19,235,064,188 "
11-Apr-21,$29.77 ,$30.71 ,$29.25 ,$29.98 ,"$447,643,489 ","$15,689,099,388 "
10-Apr-21,$29.55 ,$30.81 ,$29.22 ,$29.79 ,"$439,672,477 ","$15,590,603,698 "
9-Apr-21,$30.22 ,$30.52 ,$29.36 ,$29.56 ,"$322,122,933 ","$15,469,952,724 "
8-Apr-21,$28.61 ,$30.30 ,$28.40 ,$30.22 ,"$421,298,840 ","$15,815,006,290 "
7-Apr-21,$31.29 ,$31.42 ,$27.88 ,$28.59 ,"$679,675,888 ","$14,962,402,066 "
6-Apr-21,$30.82 ,$32.36 ,$30.29 ,$31.32 ,"$562,448,082 ","$16,389,842,575 "
5-Apr-21,$31.07 ,$31.53 ,$29.69 ,$30.79 ,"$497,831,517 ","$16,113,294,040 "
4-Apr-21,$29.54 ,$31.60 ,$29.31 ,$31.07 ,"$457,926,443 ","$16,219,657,547 "
3-Apr-21,$30.16 ,$32.50 ,$29.54 ,$29.55 ,"$901,722,734 ","$15,427,822,430 "
2-Apr-21,$28.74 ,$30.21 ,$28.71 ,$30.18 ,"$535,780,413 ","$15,753,767,687 "
1-Apr-21,$27.98 ,$30.27 ,$27.98 ,$28.74 ,"$751,718,828 ","$15,003,733,935 "
31-Mar-21,$28.49 ,$28.97 ,$27.02 ,$27.99 ,"$560,514,223 ","$14,609,704,547 "
30-Mar-21,$29.12 ,$29.27 ,$28.11 ,$28.49 ,"$504,391,381 ","$14,871,243,021 "
29-Mar-21,$27.84 ,$29.62 ,$27.60 ,$29.12 ,"$520,880,675 ","$15,202,459,124 "
28-Mar-21,$28.14 ,$29.05 ,$27.45 ,$27.84 ,"$412,582,101 ","$14,532,441,592 "
27-Mar-21,$28.93 ,$29.48 ,$27.81 ,$28.13 ,"$507,932,900 ","$14,684,711,619 "
26-Mar-21,$26.65 ,$29.03 ,$26.60 ,$28.97 ,"$647,332,550 ","$15,118,637,693 "
25-Mar-21,$27.44 ,$27.89 ,$25.72 ,$26.68 ,"$926,532,573 ","$13,923,601,360 "
24-Mar-21,$31.06 ,$31.88 ,$26.07 ,$27.60 ,"$1,266,483,732 ","$14,403,963,942 "
23-Mar-21,$32.93 ,$36.41 ,$30.53 ,$31.10 ,"$1,671,747,241 ","$16,231,474,955 "
22-Mar-21,$32.72 ,$35.86 ,$31.85 ,$32.96 ,"$1,102,796,186 ","$17,203,476,181 "
21-Mar-21,$32.21 ,$33.32 ,$31.37 ,$32.68 ,"$488,482,019 ","$17,056,448,841 "
20-Mar-21,$33.33 ,$35.12 ,$32.00 ,$32.20 ,"$849,531,037 ","$16,801,490,993 "
19-Mar-21,$30.01 ,$34.14 ,$29.57 ,$33.26 ,"$811,698,241 ","$17,354,345,783 "
18-Mar-21,$31.25 ,$31.52 ,$29.82 ,$30.03 ,"$408,556,939 ","$15,669,652,212 "
17-Mar-21,$29.94 ,$31.55 ,$29.62 ,$31.34 ,"$763,515,293 ","$16,353,287,148 "
16-Mar-21,$29.83 ,$30.01 ,$28.10 ,$29.93 ,"$549,084,935 ","$15,617,039,803 "
15-Mar-21,$30.75 ,$31.46 ,$29.65 ,$29.82 ,"$623,504,911 ","$15,557,340,462 "
14-Mar-21,$32.51 ,$33.68 ,$30.80 ,$30.80 ,"$558,846,418 ","$16,067,786,778 "
13-Mar-21,$30.98 ,$33.25 ,$30.25 ,$32.53 ,"$743,952,567 ","$16,969,706,699 "
12-Mar-21,$31.04 ,$31.88 ,$29.42 ,$31.01 ,"$630,829,033 ","$16,176,859,354 "
11-Mar-21,$30.91 ,$31.75 ,$29.62 ,$31.03 ,"$688,330,980 ","$16,187,185,270 "
10-Mar-21,$32.88 ,$33.49 ,$30.46 ,$30.97 ,"$776,104,817 ","$16,154,301,008 "
9-Mar-21,$33.29 ,$34.65 ,$32.41 ,$32.86 ,"$912,214,251 ","$17,143,384,076 "
8-Mar-21,$34.28 ,$34.87 ,$32.25 ,$33.29 ,"$1,249,974,446 ","$17,352,294,773 "
7-Mar-21,$28.52 ,$34.77 ,$28.52 ,$34.28 ,"$1,593,346,979 ","$17,864,556,536 "
6-Mar-21,$28.31 ,$28.95 ,$27.24 ,$28.48 ,"$668,584,460 ","$14,840,891,542 "
5-Mar-21,$28.25 ,$28.73 ,$25.95 ,$28.35 ,"$1,189,024,359 ","$14,771,381,030 "
4-Mar-21,$25.43 ,$29.67 ,$24.82 ,$28.26 ,"$1,805,032,641 ","$8,811,275,415 "
3-Mar-21,$25.59 ,$27.57 ,$25.36 ,$25.47 ,"$754,004,618 ","$7,938,845,765 "
2-Mar-21,$25.49 ,$27.35 ,$24.64 ,$25.61 ,"$1,232,183,265 ","$7,982,338,225 "
1-Mar-21,$22.22 ,$25.45 ,$22.14 ,$25.44 ,"$839,066,478 ","$7,931,306,354 "
28-Feb-21,$23.51 ,$24.05 ,$20.63 ,$22.19 ,"$901,637,423 ","$6,916,197,524 "
27-Feb-21,$23.10 ,$24.73 ,$22.44 ,$23.45 ,"$761,796,613 ","$7,310,011,684 "
26-Feb-21,$23.42 ,$25.12 ,$21.11 ,$23.07 ,"$1,101,820,829 ","$6,960,566,064 "
25-Feb-21,$25.25 ,$26.84 ,$23.27 ,$23.27 ,"$984,151,754 ","$7,018,879,587 "
24-Feb-21,$24.65 ,$27.29 ,$23.15 ,$25.26 ,"$1,423,106,271 ","$7,617,271,889 "
23-Feb-21,$27.71 ,$27.74 ,$18.53 ,$24.58 ,"$2,670,108,296 ","$7,411,839,336 "
22-Feb-21,$28.82 ,$28.99 ,$22.43 ,$27.72 ,"$2,088,659,958 ","$8,358,512,593 "
21-Feb-21,$28.91 ,$31.95 ,$28.02 ,$28.83 ,"$2,165,245,356 ","$8,692,883,303 "
20-Feb-21,$20.07 ,$32.63 ,$19.57 ,$29.14 ,"$4,080,070,578 ","$8,785,103,362 "
19-Feb-21,$21.18 ,$21.50 ,$19.44 ,$20.07 ,"$767,599,936 ","$6,047,232,824 "
18-Feb-21,$21.49 ,$22.23 ,$20.67 ,$21.16 ,"$593,118,926 ","$6,374,635,543 "
17-Feb-21,$20.46 ,$21.74 ,$19.26 ,$21.49 ,"$855,158,976 ","$6,473,060,597 "
16-Feb-21,$20.04 ,$21.28 ,$19.49 ,$20.46 ,"$881,473,851 ","$6,162,486,894 "
15-Feb-21,$20.90 ,$21.47 ,$17.63 ,$20.06 ,"$1,274,415,766 ","$6,043,357,017 "
14-Feb-21,$21.81 ,$22.57 ,$20.83 ,$20.93 ,"$782,187,072 ","$6,305,047,040 "
13-Feb-21,$22.73 ,$23.47 ,$21.34 ,$21.81 ,"$969,494,116 ","$6,568,455,014 "
12-Feb-21,$21.54 ,$23.60 ,$21.27 ,$22.75 ,"$1,324,482,439 ","$6,850,114,250 "
11-Feb-21,$20.72 ,$21.91 ,$20.21 ,$21.55 ,"$940,200,135 ","$6,490,772,819 "
10-Feb-21,$19.52 ,$22.36 ,$19.52 ,$20.74 ,"$1,513,117,186 ","$6,245,125,353 "
9-Feb-21,$19.35 ,$19.91 ,$18.94 ,$19.53 ,"$822,779,049 ","$5,880,281,976 "
8-Feb-21,$18.67 ,$20.11 ,$18.18 ,$19.35 ,"$1,100,318,952 ","$5,822,309,468 "
7-Feb-21,$19.28 ,$19.63 ,$17.16 ,$18.69 ,"$1,078,369,272 ","$5,623,224,622 "
6-Feb-21,$21.18 ,$21.59 ,$19.27 ,$19.30 ,"$1,073,623,434 ","$5,806,814,611 "
5-Feb-21,$20.14 ,$22.27 ,$19.80 ,$21.19 ,"$1,243,281,252 ","$6,373,378,133 "
4-Feb-21,$19.78 ,$21.51 ,$19.53 ,$20.15 ,"$1,355,026,915 ","$5,839,080,530 "
3-Feb-21,$19.06 ,$20.46 ,$18.77 ,$19.77 ,"$1,414,097,283 ","$5,723,881,391 "
2-Feb-21,$20.43 ,$20.49 ,$18.14 ,$19.08 ,"$1,674,573,149 ","$5,523,529,703 "
1-Feb-21,$17.70 ,$20.69 ,$16.73 ,$20.42 ,"$2,217,716,966 ","$5,907,917,257 "
31-Jan-21,$19.49 ,$20.39 ,$17.53 ,$17.67 ,"$2,248,905,216 ","$5,111,402,820 "
30-Jan-21,$15.68 ,$19.55 ,$15.11 ,$19.46 ,"$2,232,275,172 ","$5,629,704,206 "
29-Jan-21,$14.19 ,$15.71 ,$14.13 ,$15.71 ,"$1,854,912,081 ","$4,543,750,887 "
28-Jan-21,$14.83 ,$15.38 ,$13.68 ,$14.20 ,"$2,104,591,929 ","$4,071,492,900 "
27-Jan-21,$13.86 ,$15.50 ,$13.14 ,$14.83 ,"$6,372,857,509 ","$4,251,157,620 "
26-Jan-21,$11.34 ,$14.19 ,$11.26 ,$13.84 ,"$5,870,212,559 ","$3,965,776,568 "
25-Jan-21,$12.03 ,$12.89 ,$10.92 ,$11.35 ,"$4,870,764,024 ","$3,252,431,412 "
24-Jan-21,$9.31 ,$12.24 ,$9.19 ,$12.05 ,"$3,944,520,029 ","$3,450,685,059 "
23-Jan-21,$8.71 ,$9.51 ,$8.55 ,$9.30 ,"$1,955,096,498 ","$2,655,407,773 "
22-Jan-21,$7.59 ,$9.01 ,$7.12 ,$8.72 ,"$3,361,566,673 ","$2,487,322,101 "
21-Jan-21,$8.99 ,$9.01 ,$7.41 ,$7.60 ,"$3,679,537,998 ","$2,169,155,158 "
20-Jan-21,$8.62 ,$9.02 ,$7.68 ,$8.98 ,"$4,173,020,646 ","$2,562,614,949 "
19-Jan-21,$9.21 ,$9.63 ,$8.51 ,$8.64 ,"$4,178,260,771 ","$2,464,938,778 "
18-Jan-21,$8.67 ,$9.84 ,$8.36 ,$9.22 ,"$2,128,019,523 ","$2,556,450,474 "
17-Jan-21,$8.43 ,$9.16 ,$8.10 ,$8.66 ,"$2,577,838,949 ","$2,402,396,385 "
16-Jan-21,$7.36 ,$9.22 ,$7.24 ,$8.42 ,"$2,964,752,879 ","$2,334,383,897 "
15-Jan-21,$6.90 ,$7.47 ,$6.46 ,$7.36 ,"$2,902,758,852 ","$2,040,530,748 "
14-Jan-21,$6.33 ,$7.11 ,$6.20 ,$6.87 ,"$2,149,188,358 ","$1,904,871,782 "
13-Jan-21,$5.54 ,$6.37 ,$5.28 ,$6.32 ,"$1,668,136,049 ","$1,753,053,644 "
12-Jan-21,$5.24 ,$5.80 ,$4.98 ,$5.55 ,"$2,485,771,003 ","$1,529,887,354 "
11-Jan-21,$5.99 ,$5.99 ,$4.47 ,$5.25 ,"$4,720,287,192 ","$1,448,673,258 "
10-Jan-21,$6.25 ,$6.58 ,$5.61 ,$5.99 ,"$2,348,003,198 ","$1,616,235,372 "
9-Jan-21,$5.89 ,$6.35 ,$5.69 ,$6.25 ,"$1,895,112,493 ","$1,683,749,401 "
8-Jan-21,$6.27 ,$6.35 ,$5.51 ,$5.89 ,"$3,002,482,252 ","$1,585,532,826 "
7-Jan-21,$6.41 ,$6.77 ,$6.12 ,$6.27 ,"$2,482,937,539 ","$1,687,547,648 "
6-Jan-21,$6.28 ,$6.59 ,$6.05 ,$6.41 ,"$2,462,933,930 ","$1,725,353,570 "
5-Jan-21,$5.42 ,$6.55 ,$5.25 ,$6.28 ,"$2,956,879,541 ","$1,689,967,871 "
4-Jan-21,$5.47 ,$6.17 ,$4.93 ,$5.41 ,"$3,707,353,731 ","$1,454,876,040 "
3-Jan-21,$4.85 ,$5.61 ,$4.67 ,$5.45 ,"$2,184,123,153 ","$1,465,283,748 "
2-Jan-21,$4.73 ,$5.17 ,$4.49 ,$4.85 ,"$1,418,519,092 ","$1,303,181,237 "
1-Jan-21,$5.17 ,$5.27 ,$4.64 ,$4.74 ,"$840,105,754 ","$1,273,682,448 "
31-Dec-20,$4.14 ,$5.28 ,$3.96 ,$5.17 ,"$1,385,543,383 ","$1,387,373,840 "
30-Dec-20,$3.67 ,$4.34 ,$3.64 ,$4.14 ,"$763,321,282 ","$1,111,315,024 "
29-Dec-20,$3.73 ,$3.82 ,$3.50 ,$3.67 ,"$686,584,801 ","$985,107,449 "
28-Dec-20,$3.59 ,$3.91 ,$3.58 ,$3.73 ,"$859,661,085 ","$959,011,053 "
27-Dec-20,$3.41 ,$3.77 ,$3.38 ,$3.59 ,"$966,315,810 ","$924,485,286 "
26-Dec-20,$3.50 ,$3.60 ,$3.36 ,$3.41 ,"$531,596,588 ","$876,098,440 "
25-Dec-20,$3.52 ,$3.64 ,$3.38 ,$3.50 ,"$597,006,834 ","$900,828,921 "
24-Dec-20,$3.32 ,$3.52 ,$3.17 ,$3.52 ,"$673,684,478 ","$905,198,426 "
23-Dec-20,$3.73 ,$3.77 ,$3.03 ,$3.31 ,"$838,383,816 ","$851,816,813 "
22-Dec-20,$3.52 ,$3.77 ,$3.30 ,$3.73 ,"$734,453,823 ","$958,801,029 "
21-Dec-20,$3.77 ,$3.92 ,$3.45 ,$3.52 ,"$757,127,158 ","$905,433,509 "
20-Dec-20,$3.96 ,$4.02 ,$3.73 ,$3.77 ,"$701,901,571 ","$967,631,325 "
19-Dec-20,$3.77 ,$4.24 ,$3.71 ,$3.96 ,"$860,199,471 ","$1,018,410,463 "
18-Dec-20,$3.69 ,$3.84 ,$3.56 ,$3.77 ,"$764,765,772 ","$967,792,773 "
17-Dec-20,$3.53 ,$3.99 ,$3.45 ,$3.69 ,"$1,276,882,131 ","$938,974,378 "
16-Dec-20,$3.33 ,$3.53 ,$3.25 ,$3.53 ,"$569,026,021 ","$897,415,957 "
15-Dec-20,$3.48 ,$3.52 ,$3.32 ,$3.33 ,"$331,368,559 ","$838,880,373 "
14-Dec-20,$3.34 ,$3.52 ,$3.25 ,$3.49 ,"$364,601,424 ","$877,520,702 "
13-Dec-20,$3.12 ,$3.36 ,$3.07 ,$3.34 ,"$363,657,249 ","$840,323,058 "
12-Dec-20,$2.97 ,$3.17 ,$2.97 ,$3.12 ,"$299,773,732 ","$785,986,752 "
11-Dec-20,$3.24 ,$3.24 ,$2.93 ,$2.97 ,"$506,458,332 ","$748,056,658 "
10-Dec-20,$3.36 ,$3.37 ,$3.19 ,$3.24 ,"$365,002,774 ","$816,330,300 "
9-Dec-20,$3.29 ,$3.39 ,$3.13 ,$3.36 ,"$516,081,303 ","$844,381,631 "
8-Dec-20,$3.76 ,$3.76 ,$3.28 ,$3.28 ,"$546,521,147 ","$813,930,077 "
7-Dec-20,$3.65 ,$3.87 ,$3.57 ,$3.76 ,"$411,938,302 ","$932,617,586 "
6-Dec-20,$3.68 ,$3.78 ,$3.51 ,$3.65 ,"$423,227,915 ","$904,844,016 "
5-Dec-20,$3.53 ,$3.70 ,$3.46 ,$3.68 ,"$420,480,161 ","$906,044,648 "
4-Dec-20,$3.89 ,$3.92 ,$3.51 ,$3.53 ,"$595,341,444 ","$868,063,349 "
3-Dec-20,$3.94 ,$4.02 ,$3.81 ,$3.89 ,"$587,622,999 ","$957,378,950 "
2-Dec-20,$3.56 ,$4.17 ,$3.51 ,$3.94 ,"$729,926,104 ","$968,265,196 "
1-Dec-20,$3.77 ,$3.98 ,$3.48 ,$3.56 ,"$1,042,619,601 ","$872,773,158 "
30-Nov-20,$3.55 ,$3.80 ,$3.54 ,$3.77 ,"$824,763,850 ","$921,271,092 "
29-Nov-20,$3.47 ,$3.57 ,$3.37 ,$3.55 ,"$483,895,368 ","$867,998,170 "
28-Nov-20,$3.32 ,$3.53 ,$3.27 ,$3.47 ,"$508,403,730 ","$843,069,228 "
27-Nov-20,$3.43 ,$3.52 ,$3.17 ,$3.32 ,"$665,287,433 ","$805,742,239 "
26-Nov-20,$3.68 ,$3.77 ,$3.12 ,$3.43 ,"$1,516,484,179 ","$833,454,267 "
25-Nov-20,$4.07 ,$4.20 ,$3.58 ,$3.68 ,"$933,020,040 ","$891,341,396 "
24-Nov-20,$4.19 ,$4.48 ,$3.96 ,$4.07 ,"$1,346,899,109 ","$911,812,852 "
23-Nov-20,$3.66 ,$4.20 ,$3.64 ,$4.19 ,"$1,351,039,954 ","$938,456,081 "
22-Nov-20,$3.81 ,$3.92 ,$3.45 ,$3.66 ,"$1,008,603,253 ","$819,231,645 "
21-Nov-20,$3.84 ,$3.93 ,$3.60 ,$3.81 ,"$972,140,640 ","$851,948,497 "
20-Nov-20,$3.73 ,$4.08 ,$3.68 ,$3.84 ,"$1,046,467,101 ","$857,827,146 "
19-Nov-20,$3.46 ,$3.88 ,$3.25 ,$3.73 ,"$690,972,294 ","$833,239,658 "
18-Nov-20,$3.80 ,$3.85 ,$3.29 ,$3.46 ,"$855,595,852 ","$772,306,794 "
17-Nov-20,$3.76 ,$3.85 ,$3.49 ,$3.80 ,"$753,340,390 ","$845,413,000 "
16-Nov-20,$3.86 ,$3.93 ,$3.46 ,$3.60 ,"$739,416,980 ","$795,818,602 "
15-Nov-20,$3.81 ,$4.24 ,$3.63 ,$3.86 ,"$742,520,518 ","$847,333,504 "
14-Nov-20,$3.88 ,$3.95 ,$3.53 ,$3.81 ,"$774,643,440 ","$834,021,636 "
13-Nov-20,$2.93 ,$3.96 ,$2.91 ,$3.88 ,"$765,960,347 ","$848,630,742 "
12-Nov-20,$2.91 ,$3.08 ,$2.83 ,$2.93 ,"$538,966,370 ","$639,623,668 "
11-Nov-20,$3.01 ,$3.15 ,$2.88 ,$2.91 ,"$525,551,143 ","$634,810,553 "
10-Nov-20,$2.68 ,$3.10 ,$2.64 ,$3.01 ,"$514,331,154 ","$654,437,541 "
9-Nov-20,$2.85 ,$2.85 ,$2.59 ,$2.68 ,"$486,394,678 ","$580,875,958 "
8-Nov-20,$2.47 ,$2.89 ,$2.44 ,$2.85 ,"$478,996,897 ","$617,187,406 "
7-Nov-20,$2.55 ,$3.00 ,$2.45 ,$2.47 ,"$771,051,235 ","$533,591,764 "
6-Nov-20,$2.21 ,$2.68 ,$2.18 ,$2.55 ,"$584,436,650 ","$548,667,149 "
5-Nov-20,$1.93 ,$2.40 ,$1.76 ,$2.21 ,"$513,013,238 ","$473,798,081 "
4-Nov-20,$2.13 ,$2.16 ,$1.89 ,$1.93 ,"$339,588,343 ","$413,703,376 "
3-Nov-20,$2.25 ,$2.28 ,$2.07 ,$2.13 ,"$249,641,515 ","$456,747,205 "
2-Nov-20,$2.38 ,$2.44 ,$2.24 ,$2.25 ,"$267,321,819 ","$481,565,079 "
1-Nov-20,$2.27 ,$2.43 ,$2.23 ,$2.38 ,"$189,355,187 ","$507,214,062 "
31-Oct-20,$2.41 ,$2.41 ,$2.25 ,$2.27 ,"$195,366,723 ","$480,662,058 "
30-Oct-20,$2.54 ,$2.55 ,$2.27 ,$2.41 ,"$407,724,693 ","$511,147,587 "
29-Oct-20,$2.68 ,$2.73 ,$2.49 ,$2.54 ,"$452,924,614 ","$537,048,830 "
28-Oct-20,$2.82 ,$2.85 ,$2.60 ,$2.68 ,"$382,606,652 ","$564,790,635 "
27-Oct-20,$2.73 ,$2.90 ,$2.71 ,$2.82 ,"$374,717,069 ","$595,071,765 "
26-Oct-20,$2.78 ,$2.87 ,$2.55 ,$2.73 ,"$402,513,710 ","$572,875,511 "
25-Oct-20,$2.94 ,$2.97 ,$2.73 ,$2.78 ,"$280,177,013 ","$582,448,680 "
24-Oct-20,$3.01 ,$3.08 ,$2.94 ,$2.94 ,"$228,726,426 ","$616,104,226 "
23-Oct-20,$3.04 ,$3.12 ,$2.97 ,$3.01 ,"$340,365,373 ","$629,314,884 "
22-Oct-20,$2.94 ,$3.14 ,$2.93 ,$3.04 ,"$490,414,767 ","$631,330,250 "
21-Oct-20,$2.86 ,$3.07 ,$2.85 ,$2.94 ,"$641,102,100 ","$610,958,556 "
20-Oct-20,$3.17 ,$3.18 ,$2.82 ,$2.87 ,"$542,347,476 ","$595,506,497 "
19-Oct-20,$3.27 ,$3.28 ,$3.13 ,$3.18 ,"$353,126,948 ","$642,198,931 "
18-Oct-20,$3.00 ,$3.28 ,$2.98 ,$3.27 ,"$270,238,697 ","$658,804,132 "
17-Oct-20,$3.04 ,$3.09 ,$2.96 ,$3.00 ,"$274,343,380 ","$560,759,318 "
16-Oct-20,$2.91 ,$3.16 ,$2.81 ,$3.03 ,"$578,856,190 ","$566,018,741 "
15-Oct-20,$3.08 ,$3.08 ,$2.87 ,$2.91 ,"$439,092,200 ","$541,141,643 "
14-Oct-20,$3.50 ,$3.58 ,$2.65 ,$3.08 ,"$516,845,493 ","$298,544,164 "
13-Oct-20,$3.26 ,$3.62 ,$3.24 ,$3.50 ,"$383,311,535 ","$338,767,151 "
12-Oct-20,$3.38 ,$3.43 ,$3.20 ,$3.26 ,"$558,369,285 ","$315,809,406 "
11-Oct-20,$3.33 ,$3.44 ,$3.25 ,$3.39 ,"$411,091,368 ","$328,109,389 "
10-Oct-20,$3.08 ,$3.63 ,$3.05 ,$3.33 ,"$562,610,977 ","$322,712,656 "
9-Oct-20,$3.29 ,$3.56 ,$3.00 ,$3.10 ,"$672,751,181 ","$300,030,424 "
8-Oct-20,$2.80 ,$3.42 ,$2.58 ,$3.27 ,"$717,724,262 ","$316,782,351 "
7-Oct-20,$2.84 ,$2.99 ,$2.46 ,$2.80 ,"$664,950,267 ","$271,231,751 "
6-Oct-20,$3.42 ,$3.42 ,$2.72 ,$2.83 ,"$681,166,626 ","$274,542,427 "
5-Oct-20,$3.67 ,$3.72 ,$3.34 ,$3.42 ,"$497,456,257 ","$331,205,713 "
4-Oct-20,$3.80 ,$3.82 ,$3.62 ,$3.67 ,"$413,697,306 ","$355,395,144 "
3-Oct-20,$3.78 ,$4.12 ,$3.75 ,$3.79 ,"$359,042,995 ","$367,279,573 "
2-Oct-20,$4.26 ,$4.29 ,$3.67 ,$3.79 ,"$646,428,104 ","$366,725,903 "
1-Oct-20,$4.01 ,$4.51 ,$3.97 ,$4.26 ,"$701,098,958 ","$412,637,282 "
30-Sep-20,$4.45 ,$4.45 ,$3.92 ,$4.01 ,"$375,777,187 ","$388,725,832 "
29-Sep-20,$4.19 ,$4.42 ,$4.12 ,$4.42 ,"$356,399,047 ","$427,895,179 "
28-Sep-20,$4.78 ,$4.94 ,$4.16 ,$4.19 ,"$435,788,116 ","$405,673,979 "
27-Sep-20,$4.80 ,$5.44 ,$4.73 ,$4.78 ,"$444,099,192 ","$463,107,919 "
26-Sep-20,$5.01 ,$5.23 ,$4.74 ,$4.81 ,"$463,707,078 ","$465,527,824 "
25-Sep-20,$5.16 ,$5.53 ,$4.85 ,$5.01 ,"$882,242,519 ","$485,585,989 "
24-Sep-20,$4.45 ,$5.25 ,$4.45 ,$5.14 ,"$1,168,427,377 ","$497,627,878 "
23-Sep-20,$3.92 ,$4.71 ,$3.92 ,$4.65 ,"$964,205,457 ","$450,744,484 "
22-Sep-20,$4.28 ,$4.55 ,$3.76 ,$3.91 ,"$816,282,684 ","$378,276,197 "
21-Sep-20,$5.24 ,$5.62 ,$4.16 ,$4.27 ,"$1,329,464,490 ","$413,239,182 "
20-Sep-20,$5.72 ,$6.05 ,$4.72 ,$5.24 ,"$1,554,143,599 ","$507,985,735 "
19-Sep-20,$6.95 ,$7.44 ,$5.32 ,$5.72 ,"$2,447,471,305 ","$554,507,579 "
18-Sep-20,$3.49 ,$8.44 ,$3.26 ,$6.90 ,"$6,061,110,198 ","$668,111,645 "
17-Sep-20,$1.10 ,$4.44 ,$0.42 ,$3.47 ,"$1,762,718,357 ","$590,039,015 "
